name,WKT,short_name
District Kashmore,"POLYGON ((68.9650029 28.4739722, 68.9644227 28.4629101, 68.9645091 28.4447993, 68.9641662 28.4299687, 68.9648959 28.4265154, 68.9651966 28.4159665, 68.9644797 28.3950764, 68.9668767 28.3850315, 68.9629432 28.3651665, 68.9612579 28.3488701, 68.9627342 28.3377855, 68.9625793 28.3099271, 68.9677754 28.2922107, 68.9592147 28.2929854, 68.9551186 28.2922534, 68.952681 28.279766, 68.9512369 28.2667158, 68.9609233 28.2664539, 68.9620351 28.2621318, 68.9610713 28.2571471, 68.9610869 28.2473768, 68.8486108 28.1838905, 68.9413823 28.0981023, 68.9337006 28.0935599, 68.9700532 28.0760341, 69.0358166 28.0458703, 69.0360248 28.0463315, 69.0457605 28.0512997, 69.136741 28.0316034, 69.1876388 28.1472293, 69.2500998 28.1664571, 69.2885519 28.2100322, 69.3544699 28.3358159, 69.3894816 28.3587799, 69.4148947 28.3865711, 69.4984911 28.4277667, 69.5882164 28.4221878, 69.6482872 28.4282933, 69.6695733 28.4774953, 69.6098211 28.482757, 69.6051708 28.4819756, 69.5993026 28.4838818, 69.5971781 28.4875428, 69.5974758 28.492828, 69.6007294 28.5028715, 69.5991658 28.5101353, 69.5884816 28.5162131, 69.5643584 28.5235344, 69.5160967 28.5303121, 69.4904809 28.52731, 69.4818227 28.5252241, 69.4730919 28.5216526, 69.4638729 28.5178242, 69.4560801 28.5152924, 69.4487374 28.511734, 69.4412663 28.5064243, 69.4345663 28.5042489, 69.4314691 28.5005004, 69.4256203 28.4990348, 69.4223484 28.496945, 69.418347 28.4955718, 69.4136071 28.4928389, 69.4092108 28.4914637, 69.4043665 28.4903726, 69.400535 28.4889148, 69.3967037 28.4882113, 69.3904144 28.4866532, 69.3852174 28.4862524, 69.3779137 28.4839415, 69.3610591 28.482542, 69.3438221 28.4851822, 69.3011073 28.4886427, 69.2740446 28.4840879, 69.2254137 28.4828005, 69.0993222 28.4771072, 69.0685571 28.4758673, 69.062657 28.475567, 69.0557269 28.4761718, 69.0313986 28.4752099, 69.0261247 28.4757554, 69.0010862 28.4758678, 68.9952353 28.4764641, 68.9892127 28.4760793, 68.9830039 28.476441, 68.9762801 28.4755194, 68.9654366 28.4756536, 68.9650029 28.4739722))",KSH
District Shikarpur,"POLYGON ((68.3292336 28.1257742, 68.3299203 28.0954916, 68.3155007 28.0161106, 68.3207364 27.9220541, 68.3251342 27.8823072, 68.3219527 27.8729069, 68.3165859 27.8584186, 68.3149549 27.8537354, 68.3103634 27.8466996, 68.3055298 27.8358859, 68.3024909 27.8287902, 68.301302 27.8265727, 68.3000166 27.8243267, 68.3015497 27.82561, 68.3049738 27.8272135, 68.3014159 27.8218375, 68.2968339 27.8151996, 68.3018764 27.8117269, 68.3049219 27.8114783, 68.3108228 27.8110232, 68.3173466 27.8105175, 68.333677 27.8080065, 68.3432042 27.8084245, 68.3473671 27.796049, 68.3487404 27.7817736, 68.3542335 27.7744834, 68.3614435 27.753825, 68.3652201 27.7270848, 68.3758632 27.726477, 68.3841657 27.7224825, 68.3913129 27.7188791, 68.3956771 27.7232517, 68.4006682 27.7248054, 68.4037577 27.7265899, 68.4074042 27.729097, 68.4095496 27.7306922, 68.4111382 27.7316248, 68.412975 27.7330934, 68.4133968 27.7315229, 68.4163615 27.7309978, 68.4232311 27.7291231, 68.4425005 27.7030427, 68.4523711 27.7042215, 68.463022 27.7054306, 68.4823994 27.7088312, 68.4877342 27.7114408, 68.4951228 27.7151435, 68.5064737 27.7148809, 68.5164318 27.6922457, 68.5235985 27.6878187, 68.5366863 27.679923, 68.5510216 27.6815863, 68.5589825 27.6835245, 68.5644956 27.6872193, 68.5788525 27.6969196, 68.5835502 27.7040908, 68.5864487 27.7066278, 68.5892153 27.7086502, 68.5922637 27.7120989, 68.5947703 27.714102, 68.6029665 27.7266365, 68.6062287 27.7325078, 68.6119369 27.7419849, 68.6032677 27.7552782, 68.6178828 27.7500559, 68.617026 27.7593139, 68.6224953 27.7635569, 68.6266144 27.768569, 68.6303299 27.7723767, 68.6405189 27.7708467, 68.6456692 27.7784408, 68.657171 27.7864908, 68.6710763 27.7890727, 68.686355 27.7965899, 68.6882435 27.8127614, 68.7385731 27.7765061, 68.7586933 27.7627488, 68.7606422 27.7652642, 68.7631042 27.7685042, 68.766983 27.7734681, 68.7671548 27.7761341, 68.767454 27.7792951, 68.7678809 27.7851614, 68.7688635 27.7962484, 68.772864 27.7985175, 68.7807747 27.8028801, 68.7873049 27.80639, 68.7932467 27.8091546, 68.8071518 27.8024742, 68.8213985 27.7959443, 68.8341549 27.7803296, 68.8416541 27.7704303, 68.8507698 27.7672952, 68.8521849 27.7854527, 68.8442634 27.7977774, 68.842572 27.80079, 68.8405825 27.8062306, 68.8377594 27.8147596, 68.8433191 27.822185, 68.8471595 27.8278592, 68.8511719 27.8331157, 68.8618094 27.8463002, 68.8705672 27.8569875, 68.876029 27.8633578, 68.879645 27.8675828, 68.8877877 27.8622502, 68.9028916 27.8523387, 68.9084841 27.8578702, 68.9144679 27.8592522, 68.9182119 27.8596461, 68.9279399 27.8605866, 68.9473965 27.8628449, 68.967018 27.8647976, 68.9757473 27.8656326, 68.9841657 27.8663791, 69.0006016 27.8676557, 69.0332598 27.8699374, 69.0343815 27.8954994, 69.0346849 27.9082425, 69.0348366 27.9148795, 69.0349768 27.9242079, 69.0349397 27.936303, 69.0349024 27.9568139, 69.0349948 28.001503, 69.0350409 28.0238476, 69.0351128 28.0409841, 69.0603811 28.0421943, 69.059214 28.0483463, 69.0528835 28.0497288, 69.0457766 28.051205, 69.0404961 28.0485377, 69.0362466 28.0463707, 69.0358166 28.0458703, 68.7956452 28.0475557, 68.804915 28.0860301, 68.7915251 28.1173744, 68.7875641 28.122063, 68.7186414 28.1027581, 68.6843087 28.105181, 68.6620873 28.097873, 68.6382467 28.0899887, 68.603207 28.0788319, 68.5990089 28.0773536, 68.5868522 28.0757593, 68.5783011 28.0756792, 68.5709726 28.0743492, 68.5611551 28.0715802, 68.5569431 28.0665932, 68.5460188 28.0633576, 68.4687524 28.1083627, 68.4301625 28.1312313, 68.3862257 28.1191128, 68.3563564 28.1222921, 68.3292336 28.1257742))",SHK
"District Umerkot ","POLYGON ((69.2153776 25.4689361, 69.2362374 25.4553079, 69.2604476 25.4478066, 69.2861444 25.4399228, 69.315888 25.4305059, 69.3416437 25.4174431, 69.3559252 25.4082176, 69.3934852 25.3836387, 69.3862755 25.3392753, 69.3924894 25.3146813, 69.4001283 25.285349, 69.4099647 25.2483261, 69.4217578 25.2438993, 69.4594378 25.2292255, 69.486572 25.218673, 69.5174597 25.2029015, 69.5434666 25.1901644, 69.5717974 25.1761435, 69.5792582 25.1616566, 69.5923904 25.1374936, 69.6057866 25.1107213, 69.6239763 25.0914852, 69.6412778 25.0720725, 69.641915 25.0893865, 69.6433377 25.1168445, 69.6550472 25.1458852, 69.6665486 25.1760279, 69.6821266 25.213834, 69.7003293 25.2417462, 69.7010527 25.2848834, 69.7017026 25.3143911, 69.7231972 25.3178624, 69.7489466 25.3215865, 69.7827241 25.3271133, 69.7873729 25.3389158, 69.7810037 25.3504268, 69.7842718 25.3750504, 69.8074835 25.3894541, 69.8244994 25.3976499, 69.8383623 25.4371273, 69.8440476 25.4687526, 69.8482512 25.5345113, 69.9431724 25.590474, 70.0063449 25.6003825, 70.0850689 25.6324286, 70.1752716 25.6851493, 70.221577 25.7161793, 70.254001 25.7479143, 70.2511976 25.755158, 70.2344634 25.7774474, 70.2276393 25.7864273, 70.222359 25.793552, 70.1973952 25.8152304, 70.1883317 25.8209002, 70.1742538 25.8283101, 70.1634735 25.8442686, 70.1517888 25.8614625, 70.1403982 25.8784827, 70.1060029 25.8585873, 70.0705863 25.8433703, 70.0503997 25.8315741, 69.9993132 25.8142327, 69.9618874 25.8009477, 69.9383375 25.7972767, 69.8739164 25.7729783, 69.8292842 25.7519531, 69.7853387 25.7006108, 69.7021306 25.6420041, 69.6568497 25.6386457, 69.6212297 25.6362469, 69.6020893 25.632223, 69.5786574 25.6275798, 69.5470715 25.6201504, 69.5127389 25.6052901, 69.4920157 25.5887561, 69.4700429 25.5937104, 69.4297322 25.624013, 69.4034811 25.6241646, 69.4015843 25.6171988, 69.3986284 25.6061793, 69.3917148 25.6045112, 69.3735175 25.5998613, 69.3431826 25.592092, 69.3294497 25.5821831, 69.2994086 25.5742859, 69.2656891 25.5540802, 69.2418554 25.5397126, 69.2204643 25.5271614, 69.2238779 25.5185296, 69.2221679 25.4998987, 69.2338408 25.4813047, 69.2153776 25.4689361))",UMK
District Matiari,"POLYGON ((68.4427397 25.6592302, 68.4294155 25.6532038, 68.416371 25.6344786, 68.367957 25.5982504, 68.3909675 25.5601611, 68.4031685 25.5349188, 68.4182866 25.5333386, 68.4260118 25.5327111, 68.4348099 25.5324317, 68.4425551 25.5321479, 68.4904486 25.5365623, 68.4938311 25.5574831, 68.496145 25.5703436, 68.5077721 25.573565, 68.5142663 25.5820881, 68.5541303 25.5910118, 68.5716341 25.5949533, 68.5884309 25.5987573, 68.6018801 25.6018907, 68.6186128 25.6057774, 68.5939565 25.6668223, 68.5786142 25.7050123, 68.553632 25.7384149, 68.5759032 25.7687307, 68.592692 25.8039907, 68.5254193 25.8412283, 68.5289216 25.8552128, 68.5336706 25.8713472, 68.511003 25.9062508, 68.4787091 25.928796, 68.4897045 25.9671557, 68.4599518 25.980039, 68.4437495 25.9860776, 68.4303393 25.9916869, 68.3694279 25.945473, 68.3722539 25.7981133, 68.3417769 25.7591614, 68.3127742 25.7150883, 68.3201537 25.7031322, 68.33441 25.6948351, 68.370981 25.688321, 68.4035854 25.6825402, 68.4264586 25.6811899, 68.4362837 25.6791204, 68.4444038 25.6621492, 68.4427397 25.6592302, 68.4424259 25.6586797, 68.4442226 25.6599008, 68.4427397 25.6592302, 68.4424259 25.6586797))",MTR
District Tando Allahyar,"POLYGON ((68.7655765 25.7180027, 68.7319308 25.6920241, 68.7017177 25.7043988, 68.6845511 25.6703647, 68.6323654 25.6227011, 68.6186128 25.6057774, 68.6001636 25.5730096, 68.6077168 25.5494704, 68.5898637 25.5339816, 68.5726973 25.5315032, 68.5562175 25.4862636, 68.5617109 25.4372864, 68.5668637 25.4202327, 68.5726973 25.3975941, 68.5891768 25.3648156, 68.5920925 25.3422552, 68.6104636 25.3107215, 68.6309789 25.3001872, 68.6487853 25.2903273, 68.6623084 25.3125857, 68.7131209 25.293652, 68.7392128 25.2843367, 68.7598134 25.2722316, 68.7962054 25.2489416, 68.867361 25.2560862, 68.915757 25.2584235, 68.9544295 25.2725061, 68.9803158 25.2931864, 69.0064903 25.3136713, 69.0125028 25.340205, 69.0205174 25.3773019, 69.0018597 25.4097684, 68.9836836 25.4414197, 68.9783547 25.447891, 68.9625498 25.4687517, 68.963923 25.4985046, 68.9687921 25.518799, 68.9746275 25.5237579, 68.9780617 25.5260799, 68.9807225 25.5303398, 68.9854435 25.5342896, 68.9759579 25.5423842, 68.9695833 25.5479177, 68.9722047 25.5534598, 68.9753802 25.5602354, 68.9782133 25.5663134, 68.981317 25.572851, 68.9862809 25.5838099, 68.9924186 25.5971643, 69.0111318 25.6370991, 68.9932782 25.6488616, 68.9754032 25.6653428, 68.9391788 25.6683598, 68.9183819 25.6734714, 68.8889048 25.68383, 68.8647003 25.6921838, 68.8365474 25.7003823, 68.8172781 25.7050278, 68.8027295 25.7113641, 68.7893397 25.7160041, 68.7765636 25.7198657, 68.7655765 25.7180027))",TAY
District Tando Muhammad Khan,"POLYGON ((68.5229934 25.1451117, 68.4939357 25.1382752, 68.4509861 25.1654165, 68.4068684 25.1742757, 68.3619291 25.1781788, 68.3758315 25.1333022, 68.3481961 25.1272123, 68.3250192 25.1457344, 68.3159351 25.1503521, 68.3107328 25.1476308, 68.2905201 25.1370934, 68.2641347 25.1328078, 68.2333334 25.1308191, 68.2217262 25.0912669, 68.23013 25.0691158, 68.2348347 25.048814, 68.2235591 25.0362653, 68.2097112 25.0227824, 68.1837099 24.9967253, 68.1788727 24.9918836, 68.163536 24.9832666, 68.1426796 24.971361, 68.1148386 24.9512595, 68.1138402 24.9215538, 68.0920691 24.9065415, 68.1193667 24.8908172, 68.1250313 24.872908, 68.1331846 24.8553562, 68.153666 24.7932079, 68.1421938 24.7650897, 68.1808447 24.7654307, 68.1850532 24.7655512, 68.1920914 24.7659025, 68.2129215 24.768208, 68.2220442 24.7669995, 68.2300234 24.7671621, 68.2436644 24.7650708, 68.2898239 24.7878452, 68.2911706 24.7475413, 68.3272195 24.7503474, 68.3420114 24.7513748, 68.3655274 24.753086, 68.3761415 24.7529961, 68.3874717 24.753782, 68.3951959 24.7551066, 68.4228339 24.7558034, 68.4328557 24.7564768, 68.4648069 24.7562792, 68.5082825 24.7556138, 68.5994758 24.8633141, 68.6206996 24.8619525, 68.6376326 24.8626106, 68.6498211 24.8640087, 68.6769745 24.8649147, 68.7052473 24.8685045, 68.7177488 24.8670556, 68.7301895 24.8691199, 68.7383092 24.8925914, 68.7519116 24.8914995, 68.7584345 24.8896375, 68.7647438 24.8880781, 68.787704 24.8865201, 68.8167994 24.8796714, 68.7852136 24.8983577, 68.7234153 24.9294951, 68.6700286 24.9825648, 68.6738051 25.021616, 68.6782685 25.067183, 68.6511457 25.1183307, 68.6554374 25.1733114, 68.6589564 25.2067046, 68.6598149 25.2142372, 68.6595147 25.2189353, 68.6603248 25.2236427, 68.6602448 25.22806, 68.657799 25.2355533, 68.6492573 25.2901135, 68.583888 25.3097197, 68.5374997 25.2303182, 68.5229934 25.1451117))",TMK
District Sujawal,"POLYGON ((68.1808447 24.7654307, 68.169835 24.7654803, 68.1421938 24.7650897, 68.1448584 24.7710136, 68.1483772 24.7809886, 68.153666 24.7932079, 68.1483772 24.8071692, 68.1415107 24.8280474, 68.1346443 24.8511028, 68.1250313 24.872908, 68.1195383 24.8903494, 68.1064928 24.8978239, 68.0934458 24.9052973, 68.0920691 24.9065415, 68.0810862 24.8654324, 68.0604869 24.872908, 68.0467541 24.9003148, 68.0247815 24.8741539, 68.0330213 24.8554642, 68.0055556 24.8405103, 67.9877029 24.8629404, 67.983583 24.8330327, 67.9602372 24.8081041, 67.9753434 24.7769364, 67.9494435 24.7554184, 67.9156055 24.7095872, 67.9004993 24.6571794, 67.8924313 24.6155181, 67.8745158 24.5259465, 67.8666822 24.50779, 67.8397315 24.443265, 67.8194755 24.4104431, 67.8150123 24.3969992, 67.8053994 24.3823031, 67.7830835 24.3697945, 67.7896067 24.3622887, 67.7710672 24.3547825, 67.7751871 24.3109877, 67.7774424 24.272271, 67.7916664 24.273046, 67.8119225 24.2740631, 67.8239386 24.2745326, 67.8405896 24.2760975, 67.857584 24.2770362, 67.8785265 24.2778187, 67.8977526 24.279227, 67.9125185 24.2793826, 67.9241883 24.2803225, 67.9365479 24.2811049, 67.9453025 24.2814179, 67.9588637 24.2817309, 67.9717384 24.2826695, 67.9801495 24.2840776, 67.9890757 24.2840775, 68.0052117 24.2847033, 68.0158547 24.2847035, 68.0275276 24.2853294, 68.0563665 24.2868941, 68.0721594 24.286894, 68.0879524 24.2890844, 68.1332707 24.290962, 68.1535269 24.2909623, 68.1816788 24.2934656, 68.2146376 24.295343, 68.2434764 24.2959691, 68.2824702 24.2982451, 68.3738634 24.3036203, 68.5133648 24.3411335, 68.4765921 24.4798281, 68.4683523 24.5148186, 68.457366 24.6284705, 68.4425185 24.6436452, 68.438813 24.6475393, 68.4365668 24.6497559, 68.4331624 24.6495349, 68.4314453 24.6496907, 68.4290137 24.6496779, 68.427068 24.649769, 68.4233488 24.650064, 68.4137641 24.6484433, 68.4008898 24.6471164, 68.3896815 24.6453391, 68.3795892 24.6446533, 68.3576021 24.6428895, 68.358833 24.6496907, 68.3610631 24.6596749, 68.3660424 24.6790166, 68.3566876 24.68479, 68.3454428 24.6927424, 68.3389203 24.712706, 68.3321957 24.7296087, 68.2961477 24.7441095, 68.2898239 24.7878452, 68.2431337 24.765714, 68.2129215 24.768208, 68.1955836 24.7658709, 68.1845354 24.764613, 68.1808447 24.7654307))",SJW
District Thatta,"POLYGON ((67.4129677 24.8413463, 67.4047279 24.7995906, 67.3951149 24.7946039, 67.3779488 24.7883703, 67.3415565 24.7871235, 67.3251994 24.7157089, 67.3197063 24.6782786, 67.3361858 24.6533189, 67.3334392 24.6158699, 67.3251994 24.583405, 67.3142131 24.51845, 67.3059734 24.3959434, 67.3471721 24.1956775, 67.3828759 24.0991628, 67.4323161 24.0377462, 67.4872478 23.9725115, 67.5916179 23.9449022, 67.6575359 23.9323506, 67.6547893 23.8745975, 67.7262004 23.8369185, 67.761906 23.8444552, 67.8168376 23.8394308, 67.8388103 23.9047328, 67.8909953 23.9700018, 67.9294475 23.934861, 67.9596599 23.889666, 68.0283244 23.8318938, 68.1381877 23.8394308, 68.215092 23.8645508, 68.2974895 23.8921773, 68.3634074 23.942392, 68.3988522 23.9701739, 68.3866425 24.0246948, 68.3881267 24.0628277, 68.4004856 24.0791269, 68.4170527 24.110674, 68.3626094 24.1394151, 68.2994383 24.1920384, 68.2884521 24.1544525, 68.1923223 24.1494403, 68.1936955 24.2145847, 68.1456306 24.2133322, 68.1566168 24.1895331, 68.1538702 24.1557055, 68.1318977 24.1619706, 68.1058053 24.1644765, 68.1016854 24.203312, 68.0577403 24.1983017, 68.0453808 24.171994, 68.0007491 24.1187357, 67.9969725 24.1005602, 67.9832397 24.0842626, 67.9622971 24.0949189, 67.9530274 24.1093349, 67.9490823 24.1353412, 67.9276217 24.1400417, 67.9142321 24.1290758, 67.8929462 24.1350288, 67.8836766 24.1212425, 67.8424781 24.1265692, 67.8229088 24.1369087, 67.8053994 24.1224958, 67.7745005 24.1657295, 67.7813669 24.2277348, 67.7710672 24.3547825, 67.7896067 24.3622887, 67.7830835 24.3697945, 67.8053994 24.3823031, 67.8150123 24.3969992, 67.8194755 24.4104431, 67.8397315 24.443265, 67.8745158 24.5259465, 67.8882488 24.5908976, 67.9004993 24.6571794, 67.9156055 24.7095872, 67.9494435 24.7554184, 67.9753434 24.7769364, 67.9602372 24.8081041, 67.983583 24.8330327, 67.9877029 24.8629404, 68.0055556 24.8405103, 68.0330213 24.8554642, 68.0247815 24.8741539, 68.0467541 24.9003148, 68.0604869 24.872908, 68.0810862 24.8654324, 68.0920691 24.9065415, 68.1138402 24.9215538, 68.1148386 24.9512595, 68.1426796 24.971361, 68.1232563 24.9875287, 68.1134685 24.9898531, 68.0695232 24.9973212, 68.0168291 25.0061975, 67.9624065 24.9898531, 67.9261919 24.9837933, 67.8635295 24.9674459, 67.8163286 24.9315011, 67.7564128 24.927601, 67.6707597 24.9190473, 67.6130815 24.9041011, 67.5911088 24.8717114, 67.544417 24.889153, 67.4584086 24.9064281, 67.4290605 24.9115744, 67.4129677 24.927306, 67.4153827 24.8971944, 67.4088478 24.8693832, 67.4129677 24.8413463))",THT
District Jamshoro,"POLYGON ((67.468613 26.1985386, 67.433961 26.2358189, 67.4193911 26.2484073, 67.3996989 26.2652882, 67.3762046 26.2807112, 67.3650584 26.2978222, 67.3411753 26.3219367, 67.3257147 26.3317698, 67.3082167 26.34286, 67.3071881 26.3414359, 67.3189685 26.3229464, 67.3365862 26.2961745, 67.3490039 26.266554, 67.3588815 26.2485242, 67.365324 26.2385768, 67.3710437 26.2253718, 67.3771912 26.2124746, 67.3834772 26.2036198, 67.3910759 26.1953015, 67.3975138 26.1881, 67.4018056 26.1801665, 67.4124048 26.1716172, 67.4197407 26.1625284, 67.4290134 26.1492178, 67.4381982 26.1359838, 67.4459862 26.1248879, 67.4500942 26.1136369, 67.4541586 26.1026941, 67.4550815 26.0818028, 67.4558326 26.0621837, 67.4532351 26.0538735, 67.4512069 26.0394817, 67.4490076 26.0304494, 67.4469266 26.0214071, 67.4421857 26.0131745, 67.4407047 25.9991339, 67.4393529 25.9885263, 67.4364354 25.9804264, 67.4337742 25.9674807, 67.4322293 25.9596959, 67.4316286 25.9520268, 67.4306417 25.9386754, 67.431114 25.9279096, 67.4347202 25.9156718, 67.4372954 25.9075456, 67.4395273 25.9000753, 67.4417374 25.8906553, 67.4432177 25.8843242, 67.4439466 25.873881, 67.4445686 25.8688138, 67.4446326 25.8633604, 67.4446101 25.8545135, 67.4443302 25.8466708, 67.4424199 25.8345612, 67.4391371 25.8143398, 67.4369082 25.8009782, 67.4288583 25.7857526, 67.4244051 25.7787966, 67.4192657 25.7717631, 67.3998298 25.7457531, 67.3878112 25.7182625, 67.3851505 25.706043, 67.3817183 25.690847, 67.3804754 25.678784, 67.3797444 25.668301, 67.374379 25.6559613, 67.3664388 25.6502751, 67.3587996 25.6446273, 67.3339127 25.6264428, 67.3111408 25.6104812, 67.2998 25.6024217, 67.2900056 25.5954838, 67.2838709 25.5832912, 67.2785097 25.5745045, 67.2793676 25.5645545, 67.2786916 25.5569276, 67.2773613 25.5527079, 67.2777986 25.5497847, 67.2774634 25.5454677, 67.2745616 25.5390017, 67.2637889 25.5278496, 67.2595407 25.5239962, 67.2559794 25.5223113, 67.2493703 25.5214987, 67.2433407 25.5197562, 67.2374829 25.5185556, 67.2339962 25.5193011, 67.229222 25.519814, 67.2210895 25.5230082, 67.2185138 25.5215357, 67.2165818 25.5197534, 67.216249 25.516921, 67.2127836 25.5099446, 67.2125475 25.5047446, 67.2146399 25.5013121, 67.2164319 25.4984606, 67.2164051 25.4935971, 67.216263 25.4919014, 67.2156918 25.490593, 67.2026405 25.4741265, 67.200233 25.4741248, 67.1885584 25.4686607, 67.1835809 25.4634692, 67.1788614 25.4525429, 67.1769712 25.4341338, 67.1736238 25.4242318, 67.1679166 25.420211, 67.1598929 25.4099883, 67.1586487 25.4034742, 67.1601402 25.393123, 67.1621465 25.3877339, 67.1654401 25.3723417, 67.1596358 25.3627651, 67.1616533 25.3506838, 67.1677901 25.3434115, 67.1640991 25.3260748, 67.1513943 25.3155999, 67.1439274 25.302603, 67.1401097 25.2868125, 67.1390494 25.2793601, 67.1383325 25.2722956, 67.1360836 25.2663164, 67.1351139 25.2494744, 67.1344969 25.2387059, 67.1380125 25.2239044, 67.1409699 25.2116259, 67.1433728 25.2012203, 67.1457465 25.1914611, 67.1548729 25.1901935, 67.1697287 25.188265, 67.1839348 25.186523, 67.1938526 25.1650082, 67.2031607 25.1442634, 67.2316995 25.1344811, 67.2597578 25.1412224, 67.2744381 25.1448109, 67.2859383 25.1475372, 67.295035 25.1328301, 67.3037966 25.1183178, 67.3170379 25.1088339, 67.33003 25.0995908, 67.3415565 25.091195, 67.3525479 25.0816316, 67.3606593 25.0708299, 67.3683357 25.0604874, 67.3736623 25.0458325, 67.3786401 25.0318702, 67.3801874 25.011651, 67.3813867 24.9939135, 67.3868798 24.9671502, 67.4000566 24.9470379, 67.4132293 24.927197, 67.4290605 24.9115744, 67.445048 24.9087326, 67.460391 24.9060837, 67.4758599 24.9028454, 67.4904269 24.8998782, 67.5173819 24.894483, 67.544417 24.889153, 67.5911088 24.8717114, 67.6012312 24.8865644, 67.6130815 24.9041011, 67.640456 24.9106241, 67.6707597 24.9190473, 67.7315237 24.9243221, 67.812976 24.9319507, 67.8635295 24.9674459, 67.8864468 24.973661, 67.9261919 24.9837933, 67.9624065 24.9898531, 68.0168291 25.0061975, 68.0951857 24.9948229, 68.1232563 24.9875287, 68.1322648 24.9792661, 68.1394745 24.9739756, 68.1439372 24.9736644, 68.1583566 24.9801974, 68.1788727 24.9918836, 68.1930318 25.0066471, 68.2067627 25.0201804, 68.2159469 25.0288911, 68.2251321 25.0372903, 68.2348347 25.048814, 68.23013 25.0691158, 68.2217262 25.0912669, 68.2268418 25.109798, 68.2333334 25.1308191, 68.2470086 25.1697525, 68.2410838 25.1865355, 68.2341271 25.2042508, 68.2020073 25.238747, 68.2941304 25.2880955, 68.2881254 25.3263079, 68.2813383 25.3582078, 68.2696659 25.4050437, 68.27791 25.4168334, 68.2739904 25.4321075, 68.2729144 25.4462968, 68.2700756 25.4579334, 68.2669903 25.4768456, 68.2792265 25.4913166, 68.2884727 25.5059322, 68.2962241 25.5153346, 68.3029459 25.5259762, 68.3028972 25.5421869, 68.3164695 25.5326669, 68.3215386 25.5275968, 68.3279804 25.5256245, 68.3536339 25.5297692, 68.3820392 25.5289593, 68.4031685 25.5349188, 68.398099 25.5463012, 68.3909675 25.5601611, 68.367957 25.5982504, 68.3768288 25.6063123, 68.3952567 25.6204836, 68.4048121 25.6259744, 68.416371 25.6344786, 68.4294155 25.6532038, 68.4423168 25.6575994, 68.4444038 25.6621492, 68.4396576 25.6707894, 68.4362837 25.6791204, 68.4282123 25.6815174, 68.4057251 25.6829918, 68.3704641 25.6875504, 68.3363781 25.6950544, 68.3338933 25.6940645, 68.3201537 25.7031322, 68.3122576 25.7143177, 68.3417769 25.7591614, 68.3722539 25.7981133, 68.3693387 25.8695481, 68.3674467 25.943686, 68.3203998 25.9701286, 68.3068417 25.9801593, 68.2858572 25.9949342, 68.266155 26.010092, 68.2508587 26.0221332, 68.2490706 26.0235303, 68.218625 26.0341975, 68.2162092 26.0516393, 68.2062377 26.0669233, 68.1901293 26.0752181, 68.1871517 26.0759651, 68.1582427 26.0856858, 68.126317 26.0792888, 68.0973312 26.102406, 68.0805219 26.1332982, 68.0618117 26.1414654, 68.0437871 26.1508653, 68.0227675 26.1541337, 68.0116473 26.1701429, 68.0011081 26.1725235, 67.9811982 26.1827505, 67.9248937 26.1943033, 67.9131428 26.219594, 67.9036075 26.2617108, 67.8982875 26.2883759, 67.889531 26.3199247, 67.8891796 26.3267993, 67.8950253 26.3354013, 67.9080752 26.3590105, 67.9308667 26.3961324, 67.9354661 26.4356151, 67.9351235 26.4466814, 67.9354261 26.4708054, 67.938144 26.4760416, 67.9350397 26.5022982, 67.9386215 26.5138419, 67.9373973 26.5364451, 67.928351 26.5710578, 67.8896754 26.5422809, 67.8780518 26.5411968, 67.863804 26.5410432, 67.855098 26.5390916, 67.8495667 26.5388704, 67.8336266 26.5375616, 67.828228 26.538625, 67.820161 26.5387422, 67.8118574 26.5374868, 67.8038788 26.5358642, 67.7962363 26.5342617, 67.7835333 26.5322651, 67.767069 26.5296739, 67.7365961 26.5149257, 67.7145606 26.51377, 67.6860753 26.5268082, 67.6613528 26.5093908, 67.6373185 26.4916331, 67.6332629 26.4837612, 67.6258745 26.4680656, 67.6198776 26.4581279, 67.6145005 26.4401496, 67.6087816 26.4235533, 67.6052712 26.4115029, 67.6005602 26.3982225, 67.5895246 26.367368, 67.564753 26.3535218, 67.5227199 26.332914, 67.4968668 26.3189424, 67.4933599 26.318494, 67.4776918 26.2931357, 67.4707517 26.2823754, 67.4714974 26.2642244, 67.4808723 26.2495938, 67.4887242 26.2356054, 67.4854873 26.2277391, 67.4769712 26.2221395, 67.4820425 26.2156355, 67.4759291 26.2112574, 67.4773226 26.2046078, 67.468613 26.1985386))",JMS
District Sukkur,"POLYGON ((68.7982344 27.7240871, 68.8118549 27.716172, 68.8212596 27.7033784, 68.8393729 27.6900996, 68.844813 27.6882075, 68.84823 27.6663616, 68.846891 27.6632555, 68.8383428 27.6511786, 68.8285195 27.6448141, 68.8172814 27.6372704, 68.8081562 27.6314652, 68.7996425 27.6257661, 68.7994611 27.625203, 68.795216 27.6188313, 68.7874529 27.6065653, 68.7802462 27.5874205, 68.7720547 27.5730825, 68.7587727 27.5501989, 68.7565628 27.5462751, 68.7610259 27.5468839, 68.7613693 27.5499278, 68.7659182 27.551678, 68.7656607 27.5541891, 68.7697804 27.5561675, 68.7730418 27.559972, 68.7726985 27.5631677, 68.7751018 27.5654503, 68.7793932 27.5643851, 68.780821 27.5612343, 68.7815076 27.5603023, 68.7828263 27.5584502, 68.7823874 27.555889, 68.7805947 27.5543413, 68.7752733 27.5546457, 68.7724098 27.553454, 68.7692654 27.5511453, 68.7702953 27.5468649, 68.7726985 27.5464083, 68.7721835 27.5447341, 68.7690937 27.5436687, 68.7678921 27.5413857, 68.7670339 27.5371239, 68.7648024 27.5354496, 68.7639441 27.5325575, 68.7620558 27.5311876, 68.758966 27.5330142, 68.7618656 27.5249038, 68.761729 27.5161011, 68.7617211 27.5072984, 68.7590822 27.4943266, 68.7564774 27.4701297, 68.7553686 27.4579551, 68.7543127 27.445108, 68.7467597 27.4298732, 68.7451024 27.4182099, 68.7433267 27.4061027, 68.7452519 27.3947398, 68.7561125 27.3755712, 68.740323 27.3677697, 68.7380912 27.3575557, 68.741095 27.3577844, 68.7425054 27.3581562, 68.7460731 27.358623, 68.7535265 27.3598361, 68.7603568 27.3609009, 68.7663423 27.3619308, 68.7784326 27.3536026, 68.785764 27.3473801, 68.7892574 27.3365685, 68.7934369 27.3246895, 68.7976414 27.3117691, 68.802961 27.3081527, 68.8086705 27.3033803, 68.815409 27.2979984, 68.8214614 27.2855894, 68.8247445 27.2832752, 68.8304303 27.2756976, 68.8370214 27.2663645, 68.8417755 27.2629948, 68.8468726 27.2568783, 68.8473723 27.2549736, 68.8540512 27.2528391, 68.8611388 27.2537604, 68.8638242 27.2543733, 68.8659933 27.254299, 68.8761749 27.2495613, 68.8818657 27.2479551, 68.8906332 27.2410472, 68.8982837 27.2333758, 68.9126366 27.220683, 68.9148862 27.2092114, 68.9192588 27.1961748, 68.9237829 27.1899085, 68.926986 27.1864354, 68.9426728 27.169458, 68.9474913 27.1665198, 68.9564288 27.1565559, 68.9535668 27.1447661, 68.9525985 27.1403396, 68.9489676 27.1333008, 68.9278417 27.0916141, 68.9170863 27.0615683, 68.9066143 27.0326374, 68.9104132 26.9754479, 68.9123111 26.946834, 68.9138242 26.9240176, 68.9201548 26.8929682, 68.9276828 26.8673546, 68.9233038 26.8077189, 68.9202887 26.75061, 69.0548595 26.7414183, 69.0713386 26.7757518, 69.2092021 26.7834856, 69.3080771 26.7589643, 69.3236173 26.7471308, 69.3410355 26.7344377, 69.395428 26.751229, 69.4646293 26.7565119, 69.4866996 26.8086661, 69.4963132 26.851407, 69.5000064 26.8656558, 69.5023272 26.8826609, 69.5095521 26.9495119, 69.5136825 26.9838551, 69.5152395 27.0084103, 69.5540864 27.0987987, 69.5728476 27.1442937, 69.580947 27.1691779, 69.5871013 27.1837571, 69.5957459 27.1911588, 69.5921711 27.1995354, 69.5468549 27.3036079, 69.5193899 27.2914046, 69.4726993 27.2816411, 69.4595515 27.3123289, 69.4315016 27.3548468, 69.40129 27.3767991, 69.3655855 27.3963085, 69.3545994 27.4133766, 69.3202703 27.423127, 69.3154645 27.4864995, 69.3146008 27.4960938, 69.313576 27.504463, 69.3099681 27.5231941, 69.2983302 27.5481278, 69.195159 27.6308961, 69.1914596 27.6640448, 69.1874141 27.682745, 69.1597697 27.706776, 69.2418846 27.8142722, 69.2253713 27.8401895, 69.2154049 27.8583071, 69.158717 27.8700265, 69.1723721 27.9147628, 69.1753036 27.9250617, 69.1863683 27.9345643, 69.136741 28.0316034, 69.059214 28.0483463, 69.0603811 28.0421943, 69.0351128 28.0409841, 69.0352155 27.954551, 69.0349239 27.9116374, 69.0332598 27.8699374, 68.9757473 27.8656326, 68.9144679 27.8592522, 68.9084841 27.8578702, 68.9028916 27.8523387, 68.879645 27.8675828, 68.855233 27.8383586, 68.8377594 27.8147596, 68.842572 27.80079, 68.8521849 27.7854527, 68.8507698 27.7672952, 68.8416541 27.7704303, 68.8399436 27.7725193, 68.8213985 27.7959443, 68.7932467 27.8091546, 68.7688635 27.7962484, 68.766983 27.7734681, 68.7584 27.7622283, 68.7476713 27.7572914, 68.7366103 27.7517259, 68.723461 27.7444763, 68.7292516 27.7179674, 68.7883015 27.6863554, 68.7982344 27.7240871))",SKR
District Khairpur,"POLYGON ((68.2961391 26.6286062, 68.3084985 26.6261509, 68.3047412 26.6181898, 68.3016323 26.6114185, 68.3304707 26.6101906, 68.3384937 26.5963368, 68.3428301 26.588702, 68.3496098 26.568701, 68.3538162 26.5426416, 68.380047 26.5417409, 68.407299 26.5370908, 68.436797 26.5466443, 68.4693091 26.5527972, 68.495039 26.5463741, 68.5227278 26.538956, 68.5777971 26.5196251, 68.6222894 26.4962554, 68.6286078 26.4790685, 68.6437136 26.4692345, 68.6586809 26.4430879, 68.6691777 26.3887125, 68.6717253 26.3710457, 68.6937627 26.3616244, 68.7163932 26.3413872, 68.7317273 26.3276066, 68.7340341 26.3286868, 68.7504813 26.3391592, 68.7687773 26.3503944, 68.7856845 26.3600087, 68.8027666 26.3705438, 68.8103058 26.3741304, 68.8118287 26.3782241, 68.8146656 26.3841761, 68.8159752 26.3880421, 68.8177875 26.3916519, 68.8191218 26.3986794, 68.8253018 26.4039066, 68.8247927 26.4128909, 68.8318823 26.4184072, 68.8363255 26.4279186, 68.8430766 26.4434538, 68.8513638 26.4414289, 68.8586231 26.4390537, 68.8770096 26.4309035, 68.9005324 26.4203336, 68.9323725 26.4002403, 68.9567581 26.3871259, 68.9819826 26.3743581, 68.991418 26.3627483, 69.0020936 26.3517732, 69.0120806 26.3408742, 69.0203098 26.3325043, 69.027631 26.3205004, 69.0313301 26.3145085, 69.0336633 26.309727, 69.0349508 26.3081113, 69.0361316 26.3061451, 69.0400857 26.298157, 69.0551261 26.2745365, 69.0757963 26.2412242, 69.1179715 26.1765154, 69.1650094 26.1037662, 69.1968575 26.0795593, 69.2214317 26.0597227, 69.249306 26.0376163, 69.260788 26.0356262, 69.2862553 26.030588, 69.3323933 26.0258973, 69.3742832 25.9715884, 69.4499957 25.9126129, 69.4908126 25.9143264, 69.540247 25.9169189, 69.5742094 25.9212643, 69.5980997 25.9219332, 69.624412 25.923464, 69.6408083 25.9264496, 69.6606461 25.9296381, 69.6789689 25.929747, 69.7029519 25.9326235, 69.7154851 25.9332669, 69.7278453 25.9406769, 69.7479795 25.9403639, 69.7623131 25.9439401, 69.7855727 25.9382519, 69.8248414 25.9445087, 69.8475287 25.9448046, 69.8746421 25.9473285, 69.9051995 25.9468663, 69.9284006 25.9467831, 69.9517657 25.9532519, 69.9831398 25.9510358, 70.0035694 25.9530435, 70.0135667 25.9544898, 70.03002 25.9618704, 70.0565861 25.9622324, 70.0744477 25.9519248, 70.0994516 25.938508, 70.080282 26.0899961, 70.1391377 26.1590711, 70.1654029 26.2180705, 70.1724415 26.2510233, 70.1609399 26.2948941, 70.1763002 26.3427416, 70.183085 26.3745889, 70.1745015 26.4231796, 70.1775902 26.4556086, 70.1817118 26.4788169, 70.1810279 26.4929467, 70.1791404 26.5021638, 70.1771661 26.5066197, 70.171887 26.5516985, 70.160425 26.558692, 70.1360519 26.5728177, 70.1152767 26.587096, 70.0531326 26.6010647, 69.9329656 26.581569, 69.8842997 26.5791985, 69.8215541 26.5890914, 69.7896237 26.5989159, 69.7216433 26.6535483, 69.6862515 26.6680951, 69.5972732 26.7065374, 69.5084043 26.744159, 69.4826418 26.804229, 69.4623749 26.7566669, 69.3931958 26.751613, 69.338781 26.7345927, 69.3058225 26.7591193, 69.2091783 26.7834916, 69.0691054 26.7761358, 69.0526263 26.7418023, 68.918055 26.750994, 68.9218907 26.8202732, 68.9253238 26.8680617, 68.9181155 26.8925576, 68.9115905 26.9244016, 68.9043805 27.0330214, 68.925608 27.0919981, 68.9503649 27.1407236, 68.9547964 27.1567102, 68.9458589 27.1666741, 68.9410404 27.1696123, 68.9279066 27.1837844, 68.9224001 27.1893765, 68.9179228 27.1957319, 68.9110041 27.2208373, 68.887703 27.2420969, 68.8802332 27.2481094, 68.8643608 27.2544533, 68.8524187 27.2529934, 68.8457397 27.2551279, 68.84524 27.2570326, 68.8403142 27.2629184, 68.835104 27.2666623, 68.8231119 27.2834295, 68.8192906 27.2857394, 68.8137764 27.2981527, 68.7960088 27.3119234, 68.7918043 27.3248438, 68.7841314 27.3475344, 68.7647096 27.3620851, 68.7538598 27.3601691, 68.7364585 27.35771, 68.7386903 27.367924, 68.7544798 27.3757255, 68.7508563 27.3824253, 68.747859 27.386467, 68.7461525 27.3903078, 68.7429964 27.3949138, 68.7410712 27.4062767, 68.7445042 27.4300472, 68.7520572 27.445282, 68.7542128 27.470896, 68.756665 27.4938661, 68.7593851 27.5073448, 68.7596102 27.5250778, 68.7567105 27.5331882, 68.7598004 27.5313616, 68.7616887 27.5327315, 68.762547 27.5356236, 68.7647785 27.5372979, 68.7656367 27.5415597, 68.7668383 27.5438427, 68.7699281 27.5449081, 68.7704431 27.5465823, 68.7680399 27.5470389, 68.76701 27.5513003, 68.7699281 27.5535832, 68.7730179 27.5548007, 68.7783393 27.5544963, 68.7800559 27.555866, 68.7805709 27.5586052, 68.7786398 27.5612683, 68.7771378 27.5645401, 68.7728464 27.5656053, 68.7704431 27.5633227, 68.7707864 27.560127, 68.767525 27.5563225, 68.7634053 27.5543441, 68.7636628 27.551833, 68.7591138 27.5500828, 68.7587704 27.5470389, 68.7543073 27.5464301, 68.766769 27.5678591, 68.7779908 27.5875755, 68.7846922 27.6059526, 68.7973871 27.6259211, 68.8360875 27.6513336, 68.8441206 27.6625741, 68.8459746 27.6665166, 68.8425576 27.6883625, 68.8371176 27.6902546, 68.8190043 27.7035334, 68.8095996 27.716327, 68.7959789 27.7242421, 68.7860461 27.6865104, 68.7269961 27.7181224, 68.7212054 27.7446313, 68.756374 27.7629031, 68.6859241 27.8129157, 68.6840356 27.7967442, 68.6704719 27.7899894, 68.6676388 27.7887743, 68.6548515 27.7866451, 68.6433497 27.7785951, 68.6381994 27.771001, 68.6280104 27.772531, 68.6207117 27.7642648, 68.6147065 27.7594682, 68.6155633 27.7502102, 68.6009482 27.7554325, 68.6096174 27.7421392, 68.599284 27.7244845, 68.592217 27.7136676, 68.5817994 27.7048391, 68.5765329 27.6970739, 68.5646402 27.6890297, 68.5566629 27.6836788, 68.548702 27.6817406, 68.5343667 27.6800773, 68.5141121 27.6924, 68.504154 27.7150352, 68.4928031 27.7152978, 68.4800797 27.7089855, 68.4588919 27.7052912, 68.4473046 27.7040719, 68.4401807 27.703197, 68.436403 27.6986399, 68.4291487 27.6870948, 68.4179912 27.6549783, 68.3932718 27.6469949, 68.3811702 27.6556625, 68.3695815 27.6652413, 68.3640881 27.647603, 68.373015 27.6162729, 68.3386816 27.6041034, 68.3228881 27.6223571, 68.3046912 27.6144476, 68.2672527 27.5597425, 68.2896062 27.5541253, 68.3417949 27.5504722, 68.4063441 27.5297703, 68.3871168 27.5151547, 68.3939837 27.4968827, 68.3802499 27.4773891, 68.3829967 27.4603293, 68.3967305 27.4444858, 68.3967305 27.42864, 68.3706362 27.4018187, 68.348662 27.3255838, 68.3321815 27.294469, 68.3390486 27.2358708, 68.3335551 27.1735764, 68.3472889 27.1613576, 68.358276 27.1369163, 68.4068673 27.1289258, 68.4208197 27.1241334, 68.4414347 27.1069708, 68.4355602 27.0803607, 68.429761 27.0573056, 68.4321585 27.0134223, 68.4137387 27.0043504, 68.3999207 26.9970851, 68.3890636 26.9908498, 68.3795152 26.9877709, 68.370135 26.9843082, 68.3612085 26.9598292, 68.3417268 26.9389636, 68.3406087 26.9065689, 68.3472202 26.8679312, 68.3481093 26.8639998, 68.3422107 26.8579072, 68.3337691 26.8497206, 68.3237838 26.8404613, 68.3134874 26.8320915, 68.354191 26.7804291, 68.3530041 26.7697603, 68.3520456 26.7667903, 68.350941 26.7551218, 68.3423697 26.7438526, 68.3348601 26.7340897, 68.3171667 26.7236784, 68.3005372 26.7135461, 68.2976562 26.698159, 68.2964921 26.6816982, 68.2973082 26.6687087, 68.2980565 26.6646121, 68.2983064 26.6593118, 68.2975383 26.6546394, 68.2856505 26.6511707, 68.2673005 26.6457913, 68.2693846 26.6446268, 68.2735072 26.6421197, 68.2961391 26.6286062))",KHP
District Larkana,"POLYGON ((68.1151514 27.5505096, 68.1156623 27.5372459, 68.110257 27.5080311, 68.1065021 27.4863824, 68.1030868 27.4784862, 68.0967447 27.4605645, 68.0898834 27.4411305, 68.0856537 27.4300962, 68.0769553 27.4195832, 68.0727638 27.4141083, 68.0676282 27.406652, 68.0555161 27.3901774, 68.0334799 27.3526988, 67.9355824 27.3100531, 67.9096362 27.3062068, 67.8876847 27.2984008, 67.8673063 27.2916924, 67.8423889 27.3012699, 67.8268412 27.2535084, 67.8519036 27.2594599, 67.841339 27.250126, 67.8540427 27.2469215, 67.8789436 27.2454664, 67.9283823 27.2329511, 67.9682039 27.2189828, 67.9721468 27.1498158, 67.9820231 27.1231544, 67.9822798 27.0882388, 68.0078525 27.0394772, 68.0260483 27.0240327, 68.0421944 27.0169164, 68.0534973 27.0141817, 68.064336 27.0048693, 68.0693124 27.0061807, 68.0884403 27.0115984, 68.1131118 27.020747, 68.1351687 27.0522434, 68.1601664 27.0666552, 68.1492455 27.1133031, 68.2047776 27.170892, 68.2431203 27.176546, 68.248624 27.1773291, 68.2656079 27.1789895, 68.2943839 27.1815817, 68.3105693 27.1811674, 68.3217269 27.180901, 68.3359262 27.1805693, 68.337503 27.1992149, 68.3406819 27.2357165, 68.3338148 27.2943147, 68.3502953 27.3254295, 68.3722694 27.4016644, 68.3983637 27.4284857, 68.3983637 27.4443315, 68.3846299 27.460175, 68.3818831 27.4772348, 68.3872977 27.4849569, 68.3956169 27.4967284, 68.38875 27.5150004, 68.4079773 27.529616, 68.3732576 27.5407046, 68.3434282 27.5503179, 68.3169434 27.5522168, 68.2912396 27.553971, 68.2688861 27.5595882, 68.2710656 27.562972, 68.2745406 27.5681448, 68.2829077 27.5800879, 68.2948812 27.5967464, 68.2978853 27.6010821, 68.3017906 27.6064824, 68.3070111 27.6142933, 68.3143057 27.6174977, 68.325208 27.6222028, 68.3316879 27.6147973, 68.3410874 27.6041773, 68.3484396 27.6068629, 68.3584823 27.6103993, 68.3753348 27.6161186, 68.366408 27.6474487, 68.3686533 27.6549597, 68.3719014 27.665087, 68.38349 27.6555082, 68.3955916 27.6468406, 68.420311 27.654824, 68.422671 27.6615525, 68.4239061 27.6653333, 68.4255161 27.66967, 68.4266751 27.6733565, 68.4292499 27.6803118, 68.4314685 27.6869405, 68.4355042 27.6933559, 68.4387228 27.6984856, 68.4425005 27.7030427, 68.4336439 27.714658, 68.4229381 27.7291294, 68.4187779 27.7303407, 68.4163615 27.7309978, 68.4133968 27.7315229, 68.412975 27.7330934, 68.4106025 27.7312955, 68.4037577 27.7265899, 68.4008394 27.7248097, 68.3958188 27.7232288, 68.3913129 27.7188791, 68.3758632 27.726477, 68.3652201 27.7270848, 68.3614435 27.753825, 68.3542335 27.7744834, 68.3487404 27.7817736, 68.3473671 27.796049, 68.3432042 27.8084245, 68.333677 27.8080065, 68.3185073 27.8104143, 68.3018764 27.8117269, 68.2968339 27.8151996, 68.3049738 27.8272135, 68.3015497 27.82561, 68.2999842 27.8242986, 68.3022936 27.8282765, 68.3037221 27.8319222, 68.3100007 27.8461927, 68.3148781 27.8535578, 68.3251342 27.8823072, 68.2856617 27.8426219, 68.2299581 27.847127, 68.2287259 27.8492453, 68.2269287 27.8524643, 68.2192761 27.8675135, 68.2124243 27.8801808, 68.2202744 27.8866451, 68.2287276 27.8927499, 68.2459174 27.908695, 68.2462285 27.9223708, 68.2467549 27.9375851, 68.2334017 27.9515111, 68.217637 27.9681326, 68.2033258 27.983287, 68.1908889 28.0011856, 68.1793594 28.0180834, 68.1717492 28.0292964, 68.1643405 28.0398253, 68.1620812 28.044748, 68.1678835 28.0268702, 68.1724021 28.0042858, 68.1766549 27.9809638, 68.1718033 27.9683748, 68.1646706 27.9485015, 68.1564392 27.9272771, 68.1583397 27.9071765, 68.1607753 27.8823882, 68.1788064 27.8756365, 68.2000704 27.8673242, 68.1958235 27.8501651, 68.1898833 27.8421401, 68.1912191 27.8385382, 68.2002596 27.8263395, 68.2635111 27.8078234, 68.2672598 27.8065411, 68.2691629 27.8034748, 68.2705361 27.8006277, 68.2782557 27.7867119, 68.2795801 27.7855522, 68.2831085 27.7841355, 68.285586 27.7845199, 68.2884132 27.7853769, 68.2905052 27.7816993, 68.2884186 27.7650518, 68.2537176 27.7746784, 68.2291704 27.7761804, 68.2044507 27.777754, 68.1848248 27.7792203, 68.1765272 27.776819, 68.1578423 27.7726362, 68.1421013 27.7679903, 68.1242325 27.7633412, 68.1114623 27.7626253, 68.0946833 27.7628569, 68.0838879 27.7625125, 68.080176 27.7477992, 68.1173389 27.7065691, 68.1242861 27.6964833, 68.1440528 27.6369816, 68.1559857 27.6013787, 68.1351282 27.5906518, 68.1130286 27.5803667, 68.1136498 27.5687354, 68.1151514 27.5505096))",LKN
District Ghotki,"POLYGON ((70.2110385 27.8833838, 70.1171423 27.9238874, 70.1080275 27.9269989, 70.1001999 27.929124, 70.0863208 27.9320447, 70.0802949 27.93432, 70.062253 27.9413921, 70.0459685 27.9494096, 70.0163307 27.966143, 70.003611 27.9772743, 69.9900733 27.9888209, 69.9760239 28.0037304, 69.9614557 28.0174258, 69.9576602 28.0212724, 69.9430481 28.0422414, 69.9365626 28.0544234, 69.9319645 28.0606969, 69.919933 28.0780153, 69.9065673 28.0971125, 69.9009559 28.1063958, 69.8950434 28.116966, 69.8763279 28.1595201, 69.8670073 28.1809473, 69.8575541 28.2015794, 69.855731 28.2101814, 69.8549375 28.2187833, 69.8517623 28.2274798, 69.8484578 28.2360629, 69.8474853 28.2380743, 69.8470278 28.2443957, 69.8445243 28.2473297, 69.8438232 28.251927, 69.8422205 28.2556172, 69.8346944 28.2658096, 69.8334077 28.2699287, 69.8316269 28.273642, 69.8309618 28.2780356, 69.833666 28.2886368, 69.8349747 28.2944194, 69.8354252 28.301789, 69.8352526 28.3036701, 69.8339218 28.3082001, 69.8320759 28.3099341, 69.8311691 28.3115427, 69.8282023 28.3149647, 69.8208579 28.3197466, 69.8137276 28.3227524, 69.8110362 28.3237362, 69.8081025 28.3275147, 69.8113562 28.3372234, 69.8119067 28.3489717, 69.8113786 28.3594558, 69.8120953 28.3696759, 69.8125673 28.3754428, 69.8085756 28.3926126, 69.8055389 28.3966949, 69.8025448 28.4005883, 69.7990239 28.4031286, 69.794174 28.4050849, 69.7889807 28.4063615, 69.7775637 28.4088386, 69.7684876 28.4093013, 69.7589821 28.4110468, 69.7543893 28.4127641, 69.7523713 28.4149343, 69.7485003 28.4252487, 69.7480667 28.4298777, 69.7486631 28.4391108, 69.7487281 28.4455126, 69.746261 28.4541404, 69.7410294 28.4605001, 69.7354107 28.4647464, 69.7280488 28.4683654, 69.7221313 28.4695152, 69.717587 28.4716458, 69.7114595 28.4721341, 69.7049172 28.4736297, 69.6991473 28.4739933, 69.6938571 28.47522, 69.6862065 28.4758427, 69.6797744 28.4772595, 69.6746739 28.4775284, 69.6695733 28.4774953, 69.6482872 28.4282933, 69.5882164 28.4221878, 69.4984911 28.4277667, 69.4148947 28.3865711, 69.3894816 28.3587799, 69.3544699 28.3358159, 69.3211498 28.2719346, 69.2885519 28.2100322, 69.2500998 28.1664571, 69.2210039 28.1578843, 69.1876388 28.1472293, 69.136741 28.0316034, 69.1426415 28.0209213, 69.1474134 28.0106759, 69.1491733 28.0071134, 69.151039 28.0036574, 69.153506 27.999265, 69.1561233 27.9938683, 69.1581778 27.9899983, 69.1600823 27.9867297, 69.1622327 27.9822711, 69.1639447 27.9786765, 69.165318 27.9755687, 69.167211 27.9726446, 69.1696211 27.9671782, 69.1719412 27.9630842, 69.1738076 27.9592437, 69.1757831 27.9554947, 69.1863683 27.9345643, 69.1753036 27.9250617, 69.158717 27.8700265, 69.2154049 27.8583071, 69.2416937 27.8140435, 69.1597697 27.706776, 69.1874141 27.682745, 69.1914596 27.6640448, 69.195159 27.6308961, 69.222608 27.6089129, 69.2983302 27.5481278, 69.3099681 27.5231941, 69.313576 27.504463, 69.3159604 27.4867262, 69.3207661 27.4233537, 69.3550954 27.4136033, 69.3660815 27.3965352, 69.4017861 27.3770258, 69.4319977 27.3550735, 69.4609083 27.3116365, 69.4731954 27.2818678, 69.519886 27.2916313, 69.5473512 27.3038346, 69.5964139 27.191309, 69.6066646 27.1978396, 69.6201783 27.2065828, 69.6283238 27.2111625, 69.6458303 27.2263507, 69.6648434 27.2458481, 69.6831765 27.264657, 69.6922963 27.2727576, 69.7033063 27.284977, 69.7195853 27.2965959, 69.7605726 27.3216919, 69.7726079 27.3321948, 69.7829288 27.3426968, 69.8172467 27.3679093, 69.8627471 27.4019523, 69.8757808 27.4153576, 69.8912277 27.4342495, 69.9086653 27.4590102, 69.9338675 27.4978458, 69.974464 27.5294014, 70.0030982 27.5487124, 70.025821 27.5629185, 70.0364227 27.5853951, 70.0482308 27.6115233, 70.0718629 27.6616472, 70.0866996 27.69833, 70.0935101 27.7145985, 70.1003222 27.7315891, 70.1078814 27.7493703, 70.1149707 27.7657843, 70.1228998 27.786545, 70.1325054 27.8057473, 70.1453649 27.8205495, 70.1596962 27.8325991, 70.1699101 27.8423706, 70.198195 27.8677726, 70.2064186 27.8792201, 70.2110385 27.8833838))",GTK
District Naushahero feroze,"POLYGON ((68.249581 26.6351069, 68.2701051 26.6462286, 68.2859574 26.6508195, 68.3002765 26.655023, 68.3007947 26.6649957, 68.2995447 26.6710779, 68.2988473 26.6785233, 68.3014879 26.7126964, 68.3130455 26.7199176, 68.3358105 26.7332401, 68.3518914 26.7542722, 68.351548 26.7610169, 68.3539545 26.7689107, 68.3543013 26.7768044, 68.3551413 26.7795795, 68.3484582 26.7875304, 68.3320091 26.8088818, 68.3234388 26.8201694, 68.314438 26.8312419, 68.3209602 26.8366641, 68.3285994 26.8427909, 68.3490597 26.8631502, 68.3424485 26.9017879, 68.3441675 26.9341061, 68.3639467 26.9602129, 68.3728733 26.9846919, 68.391802 26.9912335, 68.4147734 27.004185, 68.4342266 27.0140052, 68.4333714 27.0341934, 68.4324996 27.0576893, 68.4352038 27.068726, 68.4372671 27.0781334, 68.4402309 27.0908509, 68.4430989 27.1030289, 68.4436072 27.1073369, 68.4326127 27.116601, 68.4235582 27.1245171, 68.4111937 27.1286506, 68.3610142 27.1373, 68.3500732 27.1611585, 68.3362932 27.1739601, 68.3366194 27.1781477, 68.3368948 27.1793754, 68.3369772 27.1806032, 68.2943839 27.1815817, 68.2485486 27.1773129, 68.2047776 27.170892, 68.1492455 27.1133031, 68.1604465 27.0666136, 68.1351687 27.0522434, 68.1131118 27.020747, 68.0888947 27.0116738, 68.064336 27.0048693, 68.0449897 26.9797027, 68.0343327 26.9670702, 68.0236777 26.9581088, 68.0019593 26.9475865, 67.9899003 26.9383465, 67.9850728 26.9285233, 67.988152 26.9211628, 67.9910589 26.9162505, 68.008228 26.9125032, 67.984335 26.8855468, 67.947596 26.828115, 67.9294123 26.799242, 67.9084917 26.7718986, 67.9262402 26.7144502, 67.9448287 26.6573061, 68.0039362 26.6240625, 68.0293403 26.6222191, 68.0568059 26.5988906, 68.1721617 26.5933648, 68.185579 26.5982809, 68.1927079 26.6007471, 68.1952209 26.6039636, 68.213307 26.6216198, 68.249581 26.6351069))",NSF
District Kamber Shahdadkot,"POLYGON ((67.9432575 28.0482298, 67.928838 28.0254265, 67.9156188 28.0134552, 67.8986256 28.0072411, 67.8663532 28.0028458, 67.8472854 27.9976141, 67.7870323 27.9638084, 67.7647163 27.9528154, 67.7434437 27.9429615, 67.7135612 27.9337078, 67.6854946 27.9258212, 67.6485874 27.914976, 67.6121952 27.907088, 67.5709106 27.8979099, 67.5466205 27.8928274, 67.5014736 27.8886551, 67.456155 27.8837239, 67.432294 27.8828135, 67.4129821 27.8820549, 67.4035408 27.8815997, 67.3947002 27.8756819, 67.3856021 27.8668046, 67.3838426 27.8578507, 67.3837139 27.8414965, 67.3810102 27.8219138, 67.3766328 27.8060476, 67.3688222 27.7850158, 67.3671056 27.7764348, 67.3600675 27.7596506, 67.3532011 27.7513715, 67.3475362 27.7422562, 67.3221304 27.7111823, 67.3136036 27.7049159, 67.2743227 27.6819237, 67.2659906 27.6719672, 67.2588731 27.6539497, 67.2498609 27.6245237, 67.2415353 27.5964589, 67.2386171 27.5862656, 67.2332098 27.5784298, 67.2032549 27.5591042, 67.1945001 27.5504294, 67.1866037 27.535361, 67.1851446 27.5319361, 67.183428 27.5239442, 67.1833421 27.5068928, 67.1782781 27.474686, 67.1739866 27.447954, 67.1757032 27.4397274, 67.1719201 27.4135212, 67.1636011 27.3877643, 67.1522714 27.3665758, 67.1481515 27.358686, 67.1442033 27.3511011, 67.1548442 27.3437882, 67.1614553 27.3421896, 67.1767335 27.3403598, 67.1987046 27.3365457, 67.2199854 27.3315077, 67.2416285 27.3325257, 67.2714837 27.3357776, 67.2934564 27.3418771, 67.3336201 27.3547865, 67.3583581 27.3704907, 67.3916467 27.376638, 67.4616846 27.3711501, 67.5347994 27.3541795, 67.5516351 27.3437068, 67.5905168 27.3257136, 67.6075967 27.3125964, 67.6365045 27.3001942, 67.6590002 27.293963, 67.6796945 27.3080206, 67.7126831 27.3077834, 67.7403362 27.3244458, 67.7824056 27.3197526, 67.8168258 27.3170839, 67.8347634 27.3083138, 67.8439596 27.3002353, 67.8673063 27.2916924, 67.9122357 27.3063922, 67.9355824 27.3100531, 68.0334799 27.3526988, 68.0566823 27.392162, 68.0698781 27.4114346, 68.0856537 27.4300962, 68.1057527 27.485424, 68.1156623 27.5372459, 68.1145597 27.5573998, 68.1130286 27.5803667, 68.1559857 27.6013787, 68.1242861 27.6964833, 68.080176 27.7477992, 68.0838879 27.7625125, 68.1242325 27.7633412, 68.1537144 27.7714633, 68.1848248 27.7792203, 68.2537176 27.7746784, 68.2884186 27.7650518, 68.2905052 27.7816993, 68.2884132 27.7853769, 68.2856881 27.7843793, 68.2831085 27.7841355, 68.2811279 27.7848273, 68.2795801 27.7855522, 68.2782897 27.7865809, 68.2770181 27.7885055, 68.2758752 27.7906198, 68.2681827 27.8051559, 68.2672703 27.8064053, 68.26551 27.8072266, 68.2438764 27.8135013, 68.2344443 27.8161151, 68.2248219 27.8188531, 68.2151026 27.8217916, 68.2005013 27.8261038, 68.1912191 27.8385382, 68.1898833 27.8421401, 68.1955245 27.8498226, 68.2000704 27.8673242, 68.1607753 27.8823882, 68.1564392 27.9272771, 68.1766549 27.9809638, 68.1695107 28.0161862, 68.1662802 28.0298571, 68.1616754 28.0450432, 68.1495523 28.0428917, 68.1333744 28.0421728, 68.10728 28.0429271, 68.0963787 28.0420942, 68.0869378 28.0423217, 68.0722329 28.0437688, 68.0336142 28.0301948, 68.0061483 28.029287, 67.984114 28.0493778, 67.9633171 28.046939, 67.9432575 28.0482298))",KSD
District Dadu,"POLYGON ((67.2087503 26.4820025, 67.2122481 26.4726461, 67.214109 26.467671, 67.2157797 26.4640274, 67.2177937 26.4609986, 67.2227657 26.4530965, 67.228761 26.4432858, 67.2421788 26.4294014, 67.251561 26.4193591, 67.2873548 26.3685778, 67.2942367 26.3572294, 67.3024046 26.3464188, 67.3071881 26.3414359, 67.3082167 26.34286, 67.3150712 26.3386915, 67.3240595 26.3330557, 67.3411753 26.3219367, 67.3475316 26.3158599, 67.3650584 26.2978222, 67.3726268 26.2867853, 67.3762046 26.2807112, 67.3797822 26.2784849, 67.3859106 26.2749631, 67.4002261 26.2665334, 67.4344718 26.2365895, 67.469124 26.1993092, 67.4778337 26.2053784, 67.4764402 26.212028, 67.4825536 26.2164061, 67.4774823 26.2229101, 67.4859984 26.2285097, 67.4887242 26.2356054, 67.4714974 26.2642244, 67.4707517 26.2823754, 67.4933599 26.318494, 67.5895246 26.367368, 67.6083887 26.4224419, 67.6198776 26.4581279, 67.6261506 26.4683501, 67.6373185 26.4916331, 67.6616932 26.5097988, 67.6860753 26.5268082, 67.7145606 26.51377, 67.7365961 26.5149257, 67.767069 26.5296739, 67.8118574 26.5374868, 67.820161 26.5387422, 67.8260615 26.5383847, 67.8306932 26.5384103, 67.8348959 26.5375912, 67.8394387 26.5373347, 67.8663788 26.5407361, 67.8896754 26.5422809, 67.9006138 26.5504285, 67.9212933 26.5664142, 67.9605095 26.5964575, 67.9576704 26.6191139, 67.9507357 26.6381335, 67.9468383 26.6477198, 67.944142 26.6573061, 67.9368992 26.6805609, 67.9084917 26.7718986, 67.9100588 26.7751106, 67.9118665 26.7771843, 67.9159111 26.7817148, 67.9220272 26.7904689, 67.9253242 26.7948466, 67.9275484 26.7978069, 67.9298586 26.8004607, 67.9313105 26.8035742, 67.9390932 26.8155681, 67.9549208 26.8395548, 67.971337 26.8662228, 67.9752223 26.8725594, 67.9833377 26.8850789, 67.9897959 26.8926122, 67.9923061 26.8954758, 67.9974126 26.9012028, 68.0075413 26.9125032, 68.0045558 26.9132786, 67.9996635 26.9142927, 67.9948141 26.9153832, 67.9920461 26.9157753, 67.9910589 26.9162505, 67.9888919 26.9198983, 67.988152 26.9211628, 67.9874971 26.922749, 67.9850728 26.9285233, 67.9899003 26.9383465, 68.0019593 26.9475865, 68.0236777 26.9581088, 68.0264236 26.9604114, 68.0306834 26.9641212, 68.0343327 26.9670702, 68.0396256 26.9733131, 68.047432 26.9828678, 68.0624695 27.0024733, 68.0632853 27.0035199, 68.064336 27.0048693, 68.0611586 27.0070181, 68.0585379 27.0094314, 68.0543793 27.0131471, 68.0485674 27.0145115, 68.0430765 27.0158818, 68.0269306 27.0229981, 68.0100439 27.0371364, 68.0068455 27.0420312, 68.0041619 27.0472317, 67.9991372 27.0573267, 67.9955277 27.0641344, 67.9926068 27.0696018, 67.9905454 27.0734817, 67.9883983 27.0778581, 67.9832483 27.0875861, 67.9832095 27.0936809, 67.9831042 27.0977598, 67.9830944 27.1023589, 67.9830895 27.1082111, 67.9829797 27.1141738, 67.9830113 27.1194794, 67.9829917 27.1225016, 67.9810258 27.1274583, 67.9795018 27.1317419, 67.9778814 27.1360032, 67.9766636 27.1394513, 67.9733511 27.148221, 67.9720732 27.1610854, 67.9710905 27.1810327, 67.9700621 27.1995553, 67.9691725 27.2183301, 67.9459936 27.225988, 67.928998 27.2319736, 67.90479 27.2384521, 67.8875698 27.2422174, 67.8798272 27.2444318, 67.8722378 27.2448762, 67.8684297 27.2450897, 67.866404 27.2451715, 67.8614386 27.245444, 67.8568305 27.2456817, 67.8529373 27.2463422, 67.8503255 27.2470349, 67.8423946 27.2490723, 67.8525435 27.2583073, 67.8459663 27.2567826, 67.8425276 27.2559248, 67.8371148 27.2546473, 67.8277253 27.2524738, 67.8319811 27.2663251, 67.8367697 27.2802692, 67.8404513 27.2914362, 67.8430641 27.2999938, 67.8432729 27.3002353, 67.842819 27.30054, 67.8422734 27.3010481, 67.8411393 27.3020643, 67.8387852 27.3041348, 67.8340767 27.3083138, 67.8300566 27.3102697, 67.8269809 27.3117882, 67.8252178 27.3126427, 67.8220598 27.3141741, 67.81821 27.3160439, 67.8161391 27.3170839, 67.8037385 27.3180661, 67.7942148 27.3187076, 67.784738 27.3194177, 67.77165 27.3207745, 67.7615234 27.3219787, 67.7496814 27.3232052, 67.7396495 27.3244458, 67.7268976 27.3167056, 67.7175417 27.3110243, 67.7119964 27.3077834, 67.6939492 27.3078047, 67.6790078 27.3080206, 67.6583135 27.293963, 67.6421797 27.2983944, 67.6350695 27.3005743, 67.6297977 27.3026175, 67.6225517 27.3057663, 67.60691 27.3125964, 67.5997489 27.3179207, 67.5898301 27.3257136, 67.573276 27.3334623, 67.5570025 27.3411016, 67.5518396 27.343279, 67.5471916 27.3463711, 67.5341127 27.3541795, 67.5065375 27.3602359, 67.4853501 27.3650483, 67.4609979 27.3711501, 67.4121793 27.3748813, 67.3895196 27.3764058, 67.3576714 27.3704907, 67.3329334 27.3547865, 67.2927697 27.3418771, 67.270797 27.3357776, 67.2465247 27.3331052, 67.2329974 27.3322308, 67.2192987 27.3315077, 67.1980179 27.3365457, 67.1678997 27.3412706, 67.1607686 27.3421896, 67.1541575 27.3437882, 67.1485798 27.3474448, 67.1435166 27.3511011, 67.1398771 27.3439706, 67.1380574 27.340558, 67.1362378 27.3369167, 67.1352078 27.3350868, 67.1346928 27.3324944, 67.1336465 27.329974, 67.1323432 27.3264622, 67.1297127 27.3201667, 67.1280679 27.3058932, 67.1278824 27.2911615, 67.1278257 27.2778022, 67.1287988 27.2649006, 67.1335046 27.2415965, 67.1391523 27.2156982, 67.1399064 27.196746, 67.1428913 27.1736713, 67.1439092 27.1608121, 67.1452701 27.1528403, 67.1492788 27.122308, 67.1487379 27.0955931, 67.1507715 27.0688781, 67.1480153 27.0511595, 67.1461226 27.0364906, 67.1457772 27.0292325, 67.1461185 27.0216687, 67.1534808 26.999528, 67.1566174 26.9834608, 67.1570067 26.9735132, 67.1531049 26.9520913, 67.1489139 26.9437273, 67.145582 26.9269466, 67.1449269 26.916035, 67.1419023 26.8799785, 67.145809 26.8530298, 67.1517316 26.8320618, 67.1621166 26.7801128, 67.1575237 26.7604981, 67.1489849 26.7413429, 67.1467042 26.7318318, 67.1439091 26.7172612, 67.1444986 26.7108123, 67.1451632 26.681355, 67.1502673 26.6567957, 67.1596118 26.6147404, 67.1638175 26.5728346, 67.165309 26.5644762, 67.1670581 26.5535836, 67.1719293 26.5453103, 67.1766285 26.5373441, 67.1813271 26.5302991, 67.1926695 26.5165552, 67.2014344 26.5001994, 67.2087503 26.4820025))",DAD
District Mirpurkhas,"POLYGON ((69.3390599 25.805417, 69.3158931 25.7899433, 69.2963655 25.7768326, 69.2726087 25.7663782, 69.2435505 25.7465281, 69.2199677 25.7340906, 69.2010151 25.733855, 69.1765073 25.7330015, 69.1698649 25.7299685, 69.1301138 25.7115273, 69.1274501 25.7102116, 69.1097456 25.6835293, 69.0654417 25.7055005, 69.0636221 25.6949195, 69.061783 25.684031, 69.0581059 25.6634914, 69.0527307 25.6480578, 69.047268 25.6329321, 69.0403785 25.6216386, 69.0428032 25.6197793, 69.0368568 25.6106134, 69.0339568 25.6083471, 69.0334191 25.6009503, 69.0330509 25.5972349, 69.0329651 25.6004085, 69.0293594 25.6058272, 69.0260405 25.608618, 69.0182001 25.6211519, 69.0111318 25.6370991, 68.9695833 25.5479177, 68.9854435 25.5342896, 68.9807225 25.5303398, 68.9780617 25.5260799, 68.9687921 25.518799, 68.963923 25.4985046, 68.9625498 25.4687517, 68.9756157 25.4514952, 68.9836836 25.4414197, 69.0205174 25.3773019, 69.0064903 25.3136713, 68.9544295 25.2725061, 68.9406967 25.2340028, 68.9461421 25.188387, 68.9725258 25.1353455, 68.9950133 25.0717681, 68.9983269 25.0615652, 69.0354534 25.0649411, 69.1054431 25.0341943, 69.1424698 25.0085465, 69.215306 24.9470643, 69.2730318 24.9305198, 69.3141826 24.8897738, 69.368943 24.8578455, 69.3821639 24.8559026, 69.3954278 24.8534501, 69.4572956 24.9305829, 69.6412778 25.0720725, 69.6066878 25.1094432, 69.5716691 25.175642, 69.486572 25.218673, 69.4099647 25.2483261, 69.3862755 25.3392753, 69.3934852 25.3836387, 69.3416437 25.4174431, 69.315888 25.4305059, 69.2362374 25.4553079, 69.2153776 25.4689361, 69.2338408 25.4813047, 69.2221679 25.4998987, 69.2238779 25.5185296, 69.2204643 25.5271614, 69.2994086 25.5742859, 69.3294497 25.5821831, 69.3431826 25.592092, 69.3845511 25.6030868, 69.3986284 25.6061793, 69.4034811 25.6241646, 69.4112265 25.6470307, 69.4060926 25.6735656, 69.3936473 25.7208212, 69.3896092 25.7390156, 69.3866856 25.7544261, 69.3822144 25.7750562, 69.3822144 25.7843582, 69.3749482 25.8033811, 69.3647545 25.8100894, 69.3486965 25.8118952, 69.3390599 25.805417))",MKS
District Tharparkar,"POLYGON ((69.3954278 24.8534501, 69.368943 24.7980201, 69.3663928 24.7907237, 69.3635899 24.7826518, 69.3577494 24.7659429, 69.3461373 24.732758, 69.3230174 24.6668338, 69.3010465 24.6543536, 69.2845663 24.6412485, 69.2687977 24.6322713, 69.2534179 24.6235473, 69.2225145 24.6060361, 69.2099103 24.5988728, 69.1966852 24.5913961, 69.1712695 24.5769466, 69.1598178 24.5655135, 69.1398705 24.5253557, 69.1203647 24.4855087, 69.1168031 24.4773778, 69.1121372 24.4667081, 69.1033118 24.4463937, 69.0938938 24.424682, 69.0791014 24.3887815, 69.073703 24.3756476, 69.0683218 24.3626015, 69.0698541 24.3584907, 69.0590394 24.330339, 69.0407739 24.2893656, 69.0340104 24.2396452, 69.0430873 24.2440556, 69.0472615 24.2462354, 69.0577116 24.2516744, 69.0711256 24.2587474, 69.0835112 24.2652129, 69.0841979 24.2664452, 69.0862363 24.2674625, 69.0878749 24.2690504, 69.0896344 24.2697253, 69.0916301 24.26996, 69.0936149 24.2708698, 69.0937543 24.2722095, 69.0946343 24.2740483, 69.1056103 24.2697746, 69.1175297 24.2652653, 69.1353306 24.2585305, 69.1529582 24.2516956, 69.1942 24.2363565, 69.2269199 24.2488911, 69.2433466 24.2550775, 69.2599896 24.26136, 69.2866379 24.2715047, 69.3127542 24.2814101, 69.3152434 24.2811166, 69.3170673 24.2809602, 69.3216915 24.2799139, 69.3302209 24.2773025, 69.334727 24.2763636, 69.3449409 24.2748379, 69.3489106 24.2741924, 69.357687 24.2719432, 69.3667205 24.2698499, 69.3722912 24.2694263, 69.3810031 24.2693481, 69.3953797 24.2700523, 69.4048426 24.2710891, 69.4246052 24.2756663, 69.4322657 24.2774854, 69.4367074 24.2789915, 69.4443678 24.2805563, 69.4464922 24.280126, 69.4545817 24.2773681, 69.4697094 24.2711281, 69.4771661 24.269583, 69.4850088 24.2681548, 69.4893432 24.267744, 69.5035699 24.26837, 69.5262507 24.2733777, 69.5456485 24.2795196, 69.5595962 24.2817103, 69.5677501 24.2840183, 69.5723848 24.2863262, 69.5947868 24.2939148, 69.6228107 24.2691133, 69.6388182 24.2551066, 69.6573149 24.238633, 69.6824634 24.2164822, 69.6993291 24.2015302, 69.7214735 24.1818786, 69.7327892 24.1721571, 69.9157813 24.1720005, 70.0259884 24.171374, 70.0398931 24.1773251, 70.0517377 24.1896963, 70.0671873 24.1992479, 70.1006613 24.273131, 70.1107454 24.2956823, 70.1218617 24.2992225, 70.1403063 24.3033725, 70.1479365 24.3040396, 70.1575319 24.3041212, 70.1639516 24.3036935, 70.1670239 24.3039698, 70.175194 24.3064816, 70.1830378 24.3097827, 70.1931656 24.3128042, 70.2012984 24.3156296, 70.2152674 24.3218673, 70.2222038 24.3229924, 70.2275712 24.3234178, 70.2321661 24.3242341, 70.2380142 24.3235886, 70.2450328 24.3249171, 70.2504009 24.3249926, 70.254714 24.3259117, 70.2573319 24.3280038, 70.2597831 24.3311863, 70.2673818 24.3345176, 70.2747232 24.3367535, 70.2791975 24.3387375, 70.2857205 24.3413281, 70.2909562 24.3429018, 70.3027928 24.3465146, 70.3131487 24.3493837, 70.3218016 24.3509768, 70.3277778 24.3525982, 70.3384785 24.3520534, 70.3473554 24.352212, 70.3514162 24.3542256, 70.3549621 24.3547339, 70.3604232 24.3525052, 70.3639959 24.3510684, 70.3669034 24.3509805, 70.3695213 24.3514692, 70.3775032 24.3560192, 70.3847345 24.3584774, 70.3891551 24.3592884, 70.3929532 24.3611454, 70.3992188 24.3677326, 70.4020403 24.3694918, 70.4052482 24.3719937, 70.4124368 24.3758832, 70.4297962 24.3812383, 70.4321994 24.3820397, 70.4401387 24.3841308, 70.4462541 24.3849421, 70.454301 24.3866129, 70.459601 24.3868669, 70.4671969 24.3880592, 70.4736184 24.389441, 70.4788326 24.3912584, 70.4847549 24.3936524, 70.4882311 24.395245, 70.4939869 24.3974095, 70.4997859 24.3991829, 70.5040829 24.4003407, 70.50838 24.4014983, 70.5162335 24.4046835, 70.5290008 24.4069306, 70.5356742 24.4083375, 70.5398369 24.409764, 70.5485705 24.4138282, 70.549049 24.4128679, 70.5496563 24.4124937, 70.5504394 24.4131092, 70.5505359 24.4149947, 70.558883 24.4203678, 70.5623915 24.4214229, 70.5680027 24.4222044, 70.5738392 24.4224877, 70.5740537 24.4228686, 70.5865207 24.4167923, 70.5948249 24.4128454, 70.6033092 24.408695, 70.5997471 24.406526, 70.5998758 24.4050604, 70.5973009 24.3990029, 70.5876234 24.3773491, 70.5837182 24.3689055, 70.5813789 24.363726, 70.5714867 24.3596701, 70.5615093 24.3557699, 70.5691913 24.3363767, 70.5721633 24.3287318, 70.5754783 24.320383, 70.5828389 24.3047581, 70.5824095 24.3012968, 70.5813364 24.3002412, 70.5807356 24.2987156, 70.5802206 24.2958604, 70.5833535 24.292252, 70.5854992 24.2907559, 70.5858854 24.2783945, 70.5818618 24.2732011, 70.5753496 24.2646626, 70.5739226 24.2588134, 70.5727747 24.2574831, 70.5730536 24.2565441, 70.572131 24.2543921, 70.5722597 24.2521814, 70.5767444 24.2504793, 70.5826668 24.2485033, 70.5839972 24.2447272, 70.5870871 24.2474272, 70.6172996 24.2359226, 70.640989 24.2269608, 70.6457097 24.2250431, 70.6696994 24.2198771, 70.6965217 24.2203075, 70.7168208 24.2154935, 70.7435571 24.219877, 70.7591394 24.2187008, 70.7752114 24.2206969, 70.7933646 24.2210882, 70.8064539 24.2213818, 70.8183415 24.2247867, 70.8266027 24.2271544, 70.83716 24.2319289, 70.8473953 24.2408317, 70.8525881 24.2454882, 70.8609673 24.2465646, 70.8670881 24.2455765, 70.8725224 24.2459969, 70.8774576 24.24631, 70.8894525 24.2532945, 70.9076057 24.2598677, 70.9095696 24.2619103, 70.9096125 24.2633971, 70.890794 24.2710262, 70.8834075 24.273553, 70.8760688 24.281025, 70.8754251 24.283646, 70.8749101 24.2953028, 70.877601 24.2989085, 70.8827811 24.3007931, 70.8793225 24.3022939, 70.8867039 24.3055794, 70.8903361 24.3076292, 70.8948852 24.3102105, 70.8961083 24.3108949, 70.899048 24.3125375, 70.9044338 24.315412, 70.9143045 24.3209262, 70.917566 24.3215715, 70.9187678 24.3237027, 70.922952 24.3265183, 70.9247223 24.3268409, 70.9240893 24.3287669, 70.935612 24.3383862, 70.9447961 24.346265, 70.9480791 24.3490019, 70.9561472 24.3498425, 70.9593873 24.3512304, 70.9619193 24.3534981, 70.9712535 24.3580919, 70.982154 24.3633697, 70.9868243 24.3656687, 70.9919097 24.3614661, 70.9980252 24.3565206, 71.0046557 24.3510275, 71.0207489 24.3477628, 71.0365204 24.3523373, 71.0412975 24.3539013, 71.0428987 24.3516727, 71.0430114 24.3544877, 71.0478716 24.3567552, 71.0502329 24.3565201, 71.0542684 24.359217, 71.0585814 24.3624912, 71.0618431 24.3682965, 71.0669071 24.3766621, 71.0808976 24.3920625, 71.0851033 24.3950329, 71.1079558 24.3968698, 71.1127838 24.3986286, 71.1199293 24.4025173, 71.123135 24.4062987, 71.1266096 24.4205105, 71.1041004 24.43614, 71.0715704 24.4377615, 71.0469797 24.4351437, 71.0381392 24.432643, 71.0156735 24.4429972, 71.0098579 24.4452236, 71.0050165 24.4461342, 70.9995316 24.4450522, 70.997823 24.4631281, 70.9971699 24.4665679, 70.9980189 24.4697342, 70.9993736 24.4727857, 70.996933 24.4753733, 70.9985264 24.477375, 70.9988325 24.478205, 71.0006891 24.4861927, 71.0017735 24.4966018, 71.0035228 24.509945, 71.0057016 24.5238352, 71.0038794 24.5303749, 70.9960945 24.5383194, 70.9883088 24.5439212, 70.9935571 24.5648103, 70.9928978 24.5682907, 70.9918679 24.5731108, 70.9907936 24.5837604, 70.9868896 24.5963651, 70.9955586 24.6143137, 70.9999245 24.6234818, 71.0080678 24.6301528, 71.0095919 24.6363168, 71.0249925 24.641072, 71.0345719 24.644116, 71.0549781 24.6505715, 71.076537 24.6631603, 71.0872658 24.6733, 71.09873 24.6878867, 71.0665432 24.7176737, 71.0396295 24.7792118, 71.0351663 24.7887966, 71.0299306 24.8014194, 71.0284715 24.807964, 71.0187663 24.8197817, 71.0081234 24.8397233, 70.9992828 24.8534312, 70.96482 24.9023292, 70.9451635 24.925449, 70.9388979 24.9378244, 70.9280832 24.9725311, 70.9204442 24.9982825, 70.9136002 25.0272257, 70.9022411 25.0790264, 70.8895382 25.1488941, 70.8450777 25.1900654, 70.7726361 25.2590157, 70.7506766 25.2801296, 70.7390036 25.3328937, 70.7005511 25.3637655, 70.6651889 25.3974209, 70.6727419 25.4205244, 70.6735017 25.4590648, 70.6716134 25.4620871, 70.672695 25.4649983, 70.6743903 25.481813, 70.6764502 25.5006783, 70.6788535 25.5235296, 70.6787677 25.5262792, 70.6724591 25.5292998, 70.6677812 25.5305778, 70.6689428 25.5554352, 70.6699728 25.5750632, 70.6699299 25.5936429, 70.6722044 25.6100526, 70.6705307 25.6331539, 70.6742215 25.6472369, 70.6746506 25.652034, 70.6741785 25.6556704, 70.6746077 25.6621306, 70.6745648 25.6692866, 70.6746506 25.6761328, 70.6661534 25.6924152, 70.6608572 25.7025443, 70.6483258 25.7129846, 70.6091011 25.7153045, 70.5947671 25.7112833, 70.5527958 25.6922385, 70.5435149 25.6888162, 70.5301579 25.683382, 70.5061895 25.6845229, 70.5014151 25.6847744, 70.4938942 25.6844069, 70.4712237 25.6831323, 70.4488757 25.6818929, 70.4229333 25.6787215, 70.3869487 25.6737514, 70.3580021 25.6802106, 70.3080912 25.6991413, 70.268652 25.7136612, 70.2628475 25.7201568, 70.2546078 25.7460683, 70.254001 25.7479143, 70.221577 25.7161793, 70.2035685 25.7041205, 70.1853955 25.691929, 70.1753793 25.6851989, 70.1698913 25.6819685, 70.1491332 25.6698691, 70.0849804 25.6323659, 70.0063449 25.6003825, 69.9431724 25.590474, 69.895598 25.5624359, 69.8482512 25.5345113, 69.8475429 25.5230955, 69.8458764 25.4978156, 69.8440476 25.4687526, 69.8383623 25.4371273, 69.8318178 25.418403, 69.8244994 25.3976499, 69.8074835 25.3894541, 69.7842718 25.3750504, 69.7810037 25.3504268, 69.7873729 25.3389158, 69.7827241 25.3271133, 69.7474555 25.3212931, 69.7234348 25.317895, 69.7017026 25.3143911, 69.7013172 25.2969253, 69.7009123 25.2775423, 69.7008749 25.2738973, 69.7007786 25.2686224, 69.7006288 25.2596637, 69.7003293 25.2417462, 69.6821266 25.213834, 69.6721257 25.1895107, 69.6625594 25.1655783, 69.6531679 25.1411207, 69.6433377 25.1168445, 69.6427651 25.1052656, 69.6421727 25.0942433, 69.6412778 25.0720725, 69.5952898 25.036729, 69.5491581 25.001238, 69.4572956 24.9305829, 69.4266682 24.8923961, 69.4185907 24.8823536, 69.4109758 24.8728169, 69.3954278 24.8534501))",TPK
District Jacobabad,"POLYGON ((68.9650029 28.4739722, 68.9654366 28.4756536, 68.9587693 28.4750284, 68.9479684 28.4741874, 68.9412874 28.4747039, 68.9323964 28.473504, 68.9258228 28.4734354, 68.9184266 28.4722413, 68.908325 28.4713883, 68.8970492 28.4690762, 68.8869434 28.4690518, 68.8784921 28.468801, 68.8653633 28.4688132, 68.8517228 28.4693641, 68.8374882 28.4694825, 68.8317643 28.4689638, 68.8257237 28.4695094, 68.8180205 28.4681088, 68.809245 28.4672565, 68.7988389 28.4652716, 68.7941624 28.4649088, 68.7887992 28.4640176, 68.7818521 28.4639232, 68.7705241 28.4649383, 68.7625856 28.4663886, 68.7579943 28.4677632, 68.7445213 28.4697895, 68.7323376 28.4708221, 68.7261573 28.4725134, 68.7072733 28.4735215, 68.6866701 28.4761369, 68.6812107 28.4765972, 68.6765238 28.4757748, 68.6694553 28.4758954, 68.6635025 28.4751857, 68.6588318 28.4756668, 68.6388476 28.4757212, 68.6316094 28.4761508, 68.614844 28.4760512, 68.6095087 28.4754369, 68.6041734 28.4751241, 68.5989691 28.4739472, 68.5860134 28.4732629, 68.5724118 28.4713729, 68.540701 28.4687245, 68.5208243 28.465998, 68.5022178 28.4626712, 68.4836126 28.4582855, 68.472581 28.4552871, 68.4637816 28.4516843, 68.4532926 28.444427, 68.4371415 28.4293195, 68.4247816 28.4133919, 68.4114738 28.3872371, 68.399458 28.368179, 68.3941396 28.3610251, 68.3872183 28.3547371, 68.3799545 28.3486754, 68.3770259 28.3470513, 68.3692053 28.3420278, 68.3656105 28.3411026, 68.3594841 28.3383643, 68.3524997 28.3359656, 68.3456014 28.3331134, 68.3418122 28.3325094, 68.3363923 28.3303944, 68.3320669 28.3291859, 68.3276557 28.3270706, 68.3187049 28.3248798, 68.3132735 28.3226887, 68.3065681 28.3211772, 68.3001107 28.3182292, 68.294197 28.3159254, 68.2864388 28.3125634, 68.2701521 28.3041, 68.2667835 28.3014171, 68.2628143 28.2994142, 68.2599843 28.2969192, 68.2532446 28.2930271, 68.2359512 28.2809716, 68.2215313 28.2649461, 68.1981037 28.2460778, 68.1785431 28.2360529, 68.1593307 28.224362, 68.1365186 28.210248, 68.0552747 28.1589058, 68.0335594 28.1415753, 67.9930069 28.1101039, 67.9680055 28.0913438, 67.9556291 28.0703173, 67.9432575 28.0482298, 67.9633171 28.046939, 67.984114 28.0493778, 67.9892369 28.0445447, 67.9952179 28.039257, 68.0061483 28.029287, 68.0336142 28.0301948, 68.0477603 28.0352448, 68.0616147 28.0399673, 68.0722329 28.0437688, 68.0850155 28.0427127, 68.0963787 28.0420942, 68.1209672 28.0427228, 68.1310858 28.0423409, 68.1452814 28.0428463, 68.1519762 28.0434522, 68.1616754 28.0450432, 68.2047005 27.9827011, 68.247013 27.9374318, 68.2462943 27.9200294, 68.2462184 27.9085419, 68.2298771 27.8939831, 68.2124243 27.8801808, 68.2295302 27.8475265, 68.2856617 27.8426219, 68.3053422 27.862618, 68.3217932 27.8787885, 68.3251342 27.8823072, 68.3237834 27.8925294, 68.3155007 28.0161106, 68.316255 28.0206705, 68.3171986 28.0262973, 68.3190003 28.0361112, 68.3226046 28.0557389, 68.3297315 28.0947666, 68.3295705 28.1033501, 68.3295813 28.110987, 68.3292336 28.1257742, 68.338664 28.1246487, 68.3493985 28.123225, 68.3711242 28.1207158, 68.3866132 28.1191861, 68.3905365 28.1203248, 68.3965808 28.1219963, 68.4076399 28.1251872, 68.4297598 28.1313392, 68.5460188 28.0633576, 68.5569431 28.0665932, 68.5611551 28.0715802, 68.5709726 28.0743492, 68.5783011 28.0756792, 68.5868522 28.0757593, 68.5990089 28.0773536, 68.6843087 28.105181, 68.7186414 28.1027581, 68.7875641 28.122063, 68.7886805 28.1209665, 68.7892813 28.1199459, 68.7903107 28.1194893, 68.7908258 28.1188081, 68.7913568 28.118051, 68.7921211 28.1169169, 68.792501 28.1161639, 68.7931734 28.1147247, 68.7940595 28.1116188, 68.795289 28.109951, 68.7973483 28.104245, 68.804915 28.0860301, 68.7956452 28.0475557, 68.8320523 28.0471189, 68.8527946 28.0469086, 68.8619355 28.0471746, 68.8722061 28.0469496, 68.8891009 28.0467173, 68.9009918 28.0472305, 68.9215553 28.0473614, 68.9357605 28.0467559, 69.0359749 28.0458655, 68.9337006 28.0935599, 68.9413823 28.0981023, 68.8486108 28.1838905, 68.8720529 28.196562, 68.894728 28.209532, 68.9225596 28.2248079, 68.9416683 28.2356974, 68.9610869 28.2473768, 68.961624 28.2489237, 68.9609819 28.2530761, 68.9610713 28.2571471, 68.9619374 28.2616604, 68.9609233 28.2664539, 68.9568345 28.2663647, 68.950716 28.2667914, 68.9522125 28.2736932, 68.952681 28.279766, 68.9534934 28.2843312, 68.9551186 28.2922534, 68.9592147 28.2929854, 68.9677754 28.2922107, 68.9640881 28.3047606, 68.9635486 28.3067397, 68.9630795 28.3082556, 68.9625793 28.3099271, 68.9626227 28.311911, 68.9626452 28.3139326, 68.9625803 28.3162784, 68.9625961 28.3185435, 68.962651 28.3205146, 68.962621 28.3223532, 68.9626764 28.3250244, 68.962721 28.3271422, 68.9626356 28.3289936, 68.9626752 28.331235, 68.9627172 28.3344749, 68.9627342 28.3377855, 68.9623491 28.3400867, 68.9621592 28.3423127, 68.9617866 28.3447821, 68.961671 28.3461743, 68.9612579 28.3488701, 68.9614257 28.3506593, 68.9616033 28.352872, 68.9618159 28.3543987, 68.9620193 28.3564967, 68.962199 28.3583252, 68.9624254 28.3604022, 68.9627359 28.3616247, 68.9628253 28.363241, 68.9629432 28.3651665, 68.9634157 28.3676051, 68.9638369 28.3706401, 68.9648152 28.3738637, 68.9653324 28.3771995, 68.9658447 28.3801985, 68.9662981 28.3819948, 68.9668767 28.3850315, 68.9662734 28.3879053, 68.9657154 28.3897934, 68.9650803 28.3924903, 68.9644797 28.3950764, 68.9646185 28.3973563, 68.9647467 28.4013769, 68.9647466 28.4033966, 68.9648752 28.4061522, 68.9650253 28.4102477, 68.9650253 28.4127204, 68.9651966 28.4159665, 68.9650679 28.4187972, 68.9650356 28.4211185, 68.9648959 28.4265154, 68.9641662 28.4299687, 68.9640804 28.4333275, 68.9642091 28.4375541, 68.964209 28.4389881, 68.9642948 28.4414034, 68.9645091 28.4447993, 68.9643802 28.4471009, 68.9642943 28.451478, 68.9643371 28.4539305, 68.9642512 28.4569112, 68.9642511 28.4598165, 68.9644227 28.4629101, 68.9645084 28.4643438, 68.9643795 28.4655133, 68.964637 28.4672487, 68.9649796 28.4693617, 68.9648075 28.4683054, 68.9649782 28.4704181, 68.9650753 28.4718385, 68.9650029 28.4739722))",JCB
District Badin,"POLYGON ((68.8155989 24.8804478, 68.7383092 24.8925914, 68.7324226 24.8703055, 68.7177488 24.8670556, 68.7052473 24.8685045, 68.6769745 24.8649147, 68.5994758 24.8633141, 68.5082825 24.7556138, 68.4187795 24.756165, 68.2911706 24.7475413, 68.3660424 24.6790166, 68.3576021 24.6428895, 68.4365668 24.6497559, 68.457366 24.6284705, 68.4683523 24.5148186, 68.5133648 24.3411335, 68.3715363 24.3028519, 67.7774424 24.272271, 67.7807242 24.2411465, 67.7813669 24.2277348, 67.7745005 24.1657295, 67.8053994 24.1224958, 67.8229088 24.1369087, 67.8424781 24.1265692, 67.8836766 24.1212425, 67.8929462 24.1350288, 67.9142321 24.1290758, 67.9276217 24.1400417, 67.9490823 24.1353412, 67.9530274 24.1093349, 67.9622971 24.0949189, 67.9832397 24.0842626, 67.9969725 24.1005602, 68.0007491 24.1187357, 68.0453808 24.171994, 68.0577403 24.1983017, 68.1016854 24.203312, 68.1079925 24.1647872, 68.1318977 24.1619706, 68.1538702 24.1557055, 68.1566168 24.1895331, 68.1456306 24.2133322, 68.1936955 24.2145847, 68.1923223 24.1494403, 68.2884521 24.1544525, 68.2994383 24.1920384, 68.3626094 24.1394151, 68.4170527 24.110674, 68.402587 24.0786021, 68.3881267 24.0628277, 68.3866425 24.0246948, 68.3988522 23.9701739, 68.5765217 23.9712941, 68.7528179 23.971664, 68.7576411 24.0470811, 68.7624707 24.1199887, 68.7693978 24.2654907, 68.7681887 24.28232, 68.7655209 24.289372, 68.7648339 24.2960216, 68.7771938 24.3012628, 68.8079838 24.3135263, 68.8200647 24.3126459, 68.8262031 24.3169852, 68.8288644 24.3151858, 68.8368462 24.2950828, 68.8434696 24.2776185, 68.8438135 24.261773, 68.8453579 24.2470229, 68.8473756 24.2383744, 68.851967 24.2258912, 68.8566018 24.2139933, 68.8656962 24.2120805, 68.8742755 24.2118894, 68.8772724 24.215029, 68.8799332 24.2164379, 68.8895462 24.2374929, 68.8903255 24.2436661, 68.8972855 24.2636127, 68.9066411 24.2798092, 68.9168549 24.286694, 68.9398493 24.2987902, 68.9426356 24.3016302, 68.9454219 24.3025926, 68.9651776 24.2766796, 68.9729458 24.2605214, 68.9757348 24.2523444, 68.9795118 24.2405267, 68.9850045 24.2276131, 68.9941738 24.2242655, 69.003642 24.223087, 69.0127668 24.2242561, 69.0164683 24.2259288, 69.0211348 24.2284042, 69.0319817 24.2362016, 69.0340104 24.2396452, 69.0407739 24.2893656, 69.053154 24.3170453, 69.0574781 24.3270306, 69.059576 24.3316908, 69.0617599 24.337524, 69.0698541 24.3584907, 69.0683218 24.3626015, 69.094639 24.4265534, 69.1224372 24.4903383, 69.1598178 24.5655135, 69.1712695 24.5769466, 69.2845663 24.6412485, 69.3010465 24.6543536, 69.3230174 24.6668338, 69.368943 24.7980201, 69.3954278 24.8534501, 69.3821639 24.8559026, 69.368943 24.8578455, 69.3140113 24.8902388, 69.2728604 24.9309848, 69.215306 24.9470643, 69.1084088 25.0318146, 69.0352811 25.0654061, 68.9981544 25.0620302, 68.9721097 25.1362914, 68.9459694 25.188852, 68.940524 25.2344678, 68.9542569 25.2729711, 68.915757 25.2584235, 68.8703647 25.256394, 68.7962054 25.2489416, 68.7392128 25.2843367, 68.6623084 25.3125857, 68.6489142 25.2904239, 68.6603248 25.2236427, 68.6521757 25.1181745, 68.6782685 25.067183, 68.6700286 24.9825648, 68.7222142 24.9302715, 68.7692593 24.9072353, 68.8155989 24.8804478))",BAD
District Shaheed Benazir Abad,"POLYGON ((68.126317 26.0792888, 68.1582427 26.0856858, 68.167509 26.081987, 68.1821707 26.0774537, 68.1901293 26.0752181, 68.2062377 26.0669233, 68.2162092 26.0516393, 68.218625 26.0341975, 68.2338486 26.0285559, 68.2490706 26.0235303, 68.2835048 25.9966063, 68.321012 25.9696742, 68.366342 25.9453926, 68.4303393 25.9916869, 68.4325907 25.9996135, 68.4357011 26.0158714, 68.4400349 26.0403643, 68.4770489 26.0468417, 68.5091205 26.0519009, 68.5477144 26.0626173, 68.5290615 26.0682018, 68.5192206 26.0676542, 68.5004948 26.0704592, 68.4766473 26.0742539, 68.4543403 26.1144802, 68.4389211 26.1590378, 68.4822031 26.155035, 68.5229072 26.1510201, 68.5877562 26.185015, 68.6016483 26.176909, 68.6241276 26.165205, 68.6394519 26.1812689, 68.6615629 26.1803654, 68.6724104 26.188663, 68.6662304 26.2094561, 68.6670558 26.219333, 68.6682905 26.2330172, 68.6517708 26.2348897, 68.6557518 26.2641208, 68.6656827 26.2604429, 68.7000145 26.2678319, 68.7263289 26.26356, 68.7132388 26.30861, 68.7317242 26.3279872, 68.6943851 26.3603535, 68.6717221 26.3714263, 68.6708144 26.3863618, 68.6586776 26.4434685, 68.6437105 26.4696151, 68.6286046 26.4794491, 68.6222861 26.496636, 68.5777936 26.5200058, 68.522724 26.5393366, 68.4693052 26.5531778, 68.4379917 26.5467219, 68.4308424 26.5441519, 68.4228351 26.5418886, 68.4075082 26.5372073, 68.3800429 26.5421215, 68.356136 26.5424873, 68.3519296 26.5685467, 68.3451499 26.5885477, 68.3395253 26.5983316, 68.3327905 26.6100363, 68.3039521 26.6112642, 68.307061 26.6180355, 68.3108183 26.6259966, 68.2975938 26.6286798, 68.2696204 26.645637, 68.246697 26.6338971, 68.2259251 26.6261871, 68.2139102 26.6215442, 68.2070847 26.6151364, 68.1927079 26.6007471, 68.1731973 26.5930408, 68.1128575 26.5962453, 68.0568059 26.5988906, 68.0434211 26.6102014, 68.0293403 26.6222191, 68.0039362 26.6240625, 67.98861 26.6324582, 67.9736177 26.6409468, 67.9448287 26.6573061, 67.9562012 26.6168845, 67.9605095 26.5964575, 67.928351 26.5710578, 67.9324684 26.5531747, 67.9357057 26.5419674, 67.9368126 26.5333652, 67.9371141 26.5252015, 67.9386215 26.5138419, 67.9350397 26.5022982, 67.938144 26.4760416, 67.9354261 26.4708054, 67.9354661 26.4356151, 67.9331305 26.4156473, 67.9308667 26.3961324, 67.9095173 26.3613986, 67.8891796 26.3267993, 67.889531 26.3199247, 67.8906697 26.3162745, 67.8946191 26.3012502, 67.8982875 26.2883759, 67.9051666 26.2539511, 67.9131428 26.219594, 67.9248937 26.1943033, 67.9811982 26.1827505, 68.0011081 26.1725235, 68.0116473 26.1701429, 68.016607 26.1632943, 68.0227675 26.1541337, 68.0437871 26.1508653, 68.0542534 26.1454748, 68.0618117 26.1414654, 68.0805219 26.1332982, 68.0973312 26.102406, 68.126317 26.0792888))",SBN
District Sanghar,"POLYGON ((68.4389233 26.1588835, 68.4461641 26.136761, 68.4543424 26.1143259, 68.4644455 26.095918, 68.4766494 26.0740996, 68.5028493 26.0700387, 68.5192226 26.0674999, 68.5290635 26.0680475, 68.5477164 26.062463, 68.5094563 26.0518225, 68.440037 26.04021, 68.4346397 26.0074903, 68.4303415 25.9915326, 68.4895309 25.9673103, 68.4788787 25.9287186, 68.5111726 25.9061734, 68.5338402 25.8712698, 68.5255889 25.8411509, 68.5928616 25.8039133, 68.5760727 25.7686533, 68.5538017 25.7383375, 68.5787837 25.7049349, 68.6184394 25.605932, 68.632877 25.623474, 68.685063 25.6711376, 68.7022297 25.7051717, 68.7324429 25.692797, 68.7660889 25.7187756, 68.7770761 25.7206386, 68.8177909 25.7058007, 68.8612381 25.6928041, 68.9192376 25.6726974, 68.9400344 25.6675858, 68.9762585 25.6645688, 68.9894749 25.6519568, 69.0109589 25.6372537, 69.0180272 25.6213065, 69.0258676 25.6087725, 69.0291864 25.6059817, 69.0327921 25.600563, 69.0328779 25.5973894, 69.0337838 25.6085016, 69.0366838 25.6107679, 69.0426303 25.6199338, 69.0402055 25.6217931, 69.047124 25.6327749, 69.057933 25.6636459, 69.0652688 25.705655, 69.1095727 25.6836838, 69.1272773 25.7103662, 69.1763346 25.7331561, 69.219492 25.7342444, 69.2433779 25.7466827, 69.272436 25.7665328, 69.2961929 25.7769872, 69.3485239 25.8120498, 69.364582 25.810244, 69.3746878 25.8039215, 69.3820419 25.7845128, 69.3820419 25.7752108, 69.3931778 25.7229961, 69.4051944 25.6778293, 69.4110541 25.6471853, 69.4033087 25.6243192, 69.4295598 25.6241676, 69.4685264 25.5944511, 69.4904993 25.5894969, 69.5127396 25.6051357, 69.5455554 25.6208912, 69.5771414 25.6283206, 69.619714 25.6369877, 69.7006155 25.642745, 69.7851668 25.7007654, 69.8291123 25.7521077, 69.8721273 25.7729246, 69.9381658 25.7974313, 69.9617156 25.8011023, 69.9939917 25.8125329, 70.0265999 25.8234471, 70.0485736 25.83098, 70.0638478 25.8398108, 70.0886413 25.8512812, 70.1010758 25.8564378, 70.1097474 25.8603529, 70.1226572 25.8675907, 70.129611 25.8713318, 70.1403981 25.8783283, 70.1355189 25.8856067, 70.1284604 25.8962503, 70.1228859 25.9044676, 70.1149449 25.9159639, 70.1090699 25.9243952, 70.0997521 25.9380031, 70.0564144 25.962152, 70.0298486 25.96179, 70.0133952 25.9544094, 69.9845542 25.9507031, 69.9515942 25.9531716, 69.928229 25.9467028, 69.8767487 25.94746, 69.8462011 25.9444718, 69.8262411 25.9447174, 69.7854014 25.9381715, 69.7621417 25.9438597, 69.7478081 25.9402835, 69.7276741 25.9405965, 69.7153138 25.9331865, 69.6787976 25.9296666, 69.6604746 25.9295577, 69.6242406 25.9233835, 69.5845775 25.9221387, 69.5400758 25.9168384, 69.4525655 25.9131514, 69.3768527 25.9721269, 69.3349626 26.0264358, 69.2860841 26.0305076, 69.2518749 26.0381548, 69.2181709 26.0633433, 69.1651817 26.1067687, 69.1586936 26.1169566, 69.0795689 26.2399142, 69.0587437 26.2732407, 69.0426535 26.2986953, 69.0386994 26.3066834, 69.0374877 26.3081342, 69.0364964 26.3096464, 69.0355905 26.3113713, 69.0338977 26.3150468, 69.03279 26.316374, 69.0320252 26.3180856, 69.0306334 26.3202883, 69.029336 26.321927, 69.0277653 26.3247007, 69.0252504 26.3292132, 69.0228775 26.3330427, 69.016676 26.3391345, 69.0037285 26.3531959, 68.9928778 26.3647442, 68.9839576 26.3748927, 68.943112 26.395964, 68.9022502 26.4210216, 68.8731164 26.4325243, 68.8594708 26.4386293, 68.8430766 26.4434538, 68.8363255 26.4279186, 68.8318823 26.4184072, 68.8247927 26.4128909, 68.8253018 26.4039066, 68.8191218 26.3986794, 68.8177875 26.3916519, 68.8103058 26.3741304, 68.7720392 26.352374, 68.7317273 26.3276066, 68.7132388 26.30861, 68.7263289 26.26356, 68.7015538 26.2675278, 68.6656827 26.2604429, 68.6557537 26.2639665, 68.6517727 26.2347354, 68.6682905 26.2330172, 68.6674529 26.2211972, 68.6662304 26.2094561, 68.6724104 26.188663, 68.6615629 26.1803654, 68.6394519 26.1812689, 68.6306741 26.1713642, 68.6265112 26.1673586, 68.6241295 26.1650507, 68.6001706 26.177998, 68.5877582 26.1848607, 68.5229072 26.1510201, 68.4389233 26.1588835))",SNG
District Hyderabad,"POLYGON ((68.3029459 25.5259762, 68.2920829 25.5111363, 68.2805196 25.4942744, 68.2669903 25.4768456, 68.2739904 25.4321075, 68.27791 25.4168334, 68.2696659 25.4050437, 68.2813383 25.3582078, 68.2886448 25.3259731, 68.2916032 25.307439, 68.2946468 25.2888661, 68.2699197 25.2751257, 68.2480232 25.2629556, 68.2043293 25.238606, 68.2354192 25.2062849, 68.2493302 25.1696114, 68.2333334 25.1308191, 68.2905201 25.1370934, 68.3159351 25.1503521, 68.3250192 25.1457344, 68.3481961 25.1272123, 68.3758315 25.1333022, 68.3619291 25.1781788, 68.4068684 25.1742757, 68.4509861 25.1654165, 68.4939357 25.1382752, 68.5229934 25.1451117, 68.5374997 25.2303182, 68.5607716 25.2704093, 68.583888 25.3097197, 68.6059996 25.3030262, 68.6272435 25.2966683, 68.6489142 25.2902298, 68.629519 25.3008649, 68.6101204 25.3110319, 68.600637 25.3273367, 68.5920925 25.3422552, 68.5891768 25.3648156, 68.5726973 25.3975941, 68.5675483 25.4172663, 68.5648015 25.4267534, 68.5617968 25.4363954, 68.5562175 25.4862636, 68.5726973 25.5315032, 68.5898637 25.5339816, 68.6077168 25.5494704, 68.6001636 25.5730096, 68.6086278 25.5881155, 68.6168365 25.6032975, 68.6186128 25.6057774, 68.6066396 25.6028378, 68.5919202 25.5995866, 68.5654876 25.5938548, 68.5142663 25.5820881, 68.5077721 25.573565, 68.496145 25.5703436, 68.4904486 25.5365623, 68.4422115 25.5324583, 68.4255605 25.5330005, 68.4162908 25.5337749, 68.4061776 25.5347777, 68.3795551 25.5288182, 68.3579203 25.5291204, 68.3511499 25.5296282, 68.3254965 25.5254836, 68.3028972 25.5421869, 68.3029459 25.5259762))",HYD
District Karachi East,"POLYGON ((67.0753093 24.913573, 67.0776208 24.9078824, 67.0824859 24.8996864, 67.0813701 24.8991415, 67.0764927 24.8983133, 67.0537788 24.8847786, 67.0468997 24.8792088, 67.0638116 24.8528856, 67.069527 24.8453796, 67.0731319 24.835254, 67.0772838 24.8265609, 67.0865916 24.8328061, 67.0913511 24.8329601, 67.0910076 24.8336613, 67.0898062 24.8346738, 67.0899779 24.8415282, 67.0961577 24.8457342, 67.1040541 24.84994, 67.1086889 24.8502515, 67.1113914 24.8487027, 67.1201903 24.8511861, 67.1270567 24.8535226, 67.1352965 24.852588, 67.139588 24.8539899, 67.1447378 24.8578839, 67.1473128 24.8602202, 67.1526343 24.8605317, 67.1612173 24.862868, 67.1612173 24.8595972, 67.1634489 24.8589742, 67.1653372 24.8620892, 67.1680838 24.8631795, 67.1716887 24.862245, 67.173062 24.8586626, 67.18124 24.8617907, 67.1839867 24.8662942, 67.1881066 24.871278, 67.191115 24.877065, 67.1977196 24.8877854, 67.1987496 24.894014, 67.1992645 24.8963631, 67.2005876 24.8997888, 67.2045861 24.904602, 67.209034 24.9129835, 67.2231632 24.9338116, 67.2322411 24.9483547, 67.2275734 24.9547009, 67.218647 24.9603036, 67.209514 24.9626774, 67.2143205 24.9763717, 67.2248268 24.9764879, 67.239933 24.9814672, 67.2426878 24.986914, 67.2447395 24.9914253, 67.2453589 25.0003444, 67.2412991 25.0013823, 67.2370673 25.0027308, 67.2344398 25.0032495, 67.2296333 25.0051164, 67.2227669 25.0013826, 67.2145271 25.000138, 67.2007942 25.000138, 67.1918678 25.0013826, 67.1801948 24.9988934, 67.1363538 25.0134126, 67.1194932 25.014343, 67.0847673 25.0085886, 67.091462 24.9942756, 67.0850675 24.9656211, 67.0814627 24.956906, 67.0868267 24.9457235, 67.0896593 24.9400421, 67.0897452 24.9340493, 67.0891443 24.9311695, 67.0818485 24.9250207, 67.0803623 24.9189448, 67.0788135 24.9186005, 67.0779008 24.9149015, 67.0753093 24.913573))",KHE
District Karachi South,"POLYGON ((67.0865916 24.8328061, 67.0772838 24.8265609, 67.069527 24.8453796, 67.0581974 24.860956, 67.0468997 24.8792088, 67.0537788 24.8847786, 67.0609424 24.8887088, 67.0764927 24.8983133, 67.0813701 24.8991415, 67.0824859 24.8996864, 67.077653 24.9080381, 67.0753093 24.913573, 67.0665574 24.9090425, 67.0612788 24.8981435, 67.059648 24.8972288, 67.0575452 24.8985328, 67.0259595 24.8861925, 67.0253587 24.8877107, 67.0253479 24.8900469, 67.0248478 24.8903285, 67.0175951 24.8819973, 67.0156465 24.8797177, 66.9731818 24.8725539, 66.9830721 24.8644229, 66.9919984 24.8525856, 66.9937815 24.8486021, 66.9953565 24.8453692, 66.9961183 24.8410587, 67.0029424 24.838255, 67.0206654 24.8248569, 67.0178265 24.8088127, 67.0286412 24.8003202, 67.0353423 24.7927587, 67.0388152 24.7921988, 67.042506 24.7891988, 67.0534002 24.7773389, 67.0524989 24.7757414, 67.0597048 24.7678921, 67.0611425 24.7665672, 67.0671077 24.7576432, 67.067215 24.7573119, 67.0675154 24.7572534, 67.06773 24.7567273, 67.0689531 24.7550126, 67.0686956 24.7547593, 67.0685883 24.7545254, 67.0690389 24.7535706, 67.0692535 24.7533563, 67.0698543 24.7534732, 67.0702191 24.7533953, 67.071925 24.7510033, 67.0718606 24.7504918, 67.070659 24.7494444, 67.0705946 24.74923, 67.0710676 24.7486913, 67.0714024 24.7484761, 67.0716894 24.7484566, 67.0722044 24.7488488, 67.0727328 24.7490948, 67.0731834 24.7491581, 67.0738142 24.7490616, 67.0743341 24.7488317, 67.0748662 24.7482243, 67.0750255 24.747739, 67.0750214 24.7469156, 67.0753916 24.7467256, 67.076513 24.7464678, 67.0767008 24.7465068, 67.0768826 24.7469277, 67.076947 24.7473759, 67.0770173 24.7478867, 67.0807919 24.7484904, 67.0815959 24.7481152, 67.0826975 24.7480703, 67.0831083 24.7482967, 67.0852262 24.7490167, 67.0859673 24.7496221, 67.0861712 24.7499838, 67.0869522 24.7504421, 67.0879244 24.7508038, 67.0905812 24.7537254, 67.0933503 24.7553571, 67.0938803 24.7554109, 67.0946603 24.7557746, 67.0955649 24.7565087, 67.0961838 24.757158, 67.0984003 24.7578655, 67.1024034 24.7597415, 67.1032832 24.7600338, 67.1044633 24.7611249, 67.1049569 24.7626058, 67.1035487 24.7674686, 67.1019394 24.7694559, 67.1013601 24.7694364, 67.1009095 24.7701768, 67.1003301 24.7706444, 67.100137 24.7717355, 67.1005876 24.7715796, 67.1013765 24.7717518, 67.1018965 24.7717939, 67.1023471 24.772924, 67.1022184 24.7746385, 67.1013171 24.775145, 67.0992952 24.7764082, 67.0918691 24.7845941, 67.0916546 24.7855097, 67.0907963 24.7861331, 67.0847039 24.7898894, 67.0826236 24.7913957, 67.0818941 24.7926035, 67.0826022 24.7928957, 67.0808178 24.7952222, 67.0805889 24.7970003, 67.0795112 24.7991228, 67.0785876 24.8014911, 67.0796175 24.8067502, 67.0852618 24.8170031, 67.0886044 24.8231867, 67.0865916 24.8328061))",KHS
District Karachi Keamari,"POLYGON ((67.0353423 24.7927587, 67.0286412 24.8003202, 67.0178265 24.8088127, 67.0206654 24.8248569, 67.009766 24.8326467, 67.0029424 24.838255, 66.9961183 24.8410587, 66.9953565 24.8453692, 66.9919984 24.8525856, 66.9830721 24.8644229, 66.9786617 24.8680328, 66.972773 24.8725222, 67.015345 24.8793745, 67.0253479 24.8900469, 67.0202947 24.8958857, 67.0098371 24.9007333, 67.013957 24.9088296, 67.003314 24.9106979, 66.9995522 24.9329341, 66.9906258 24.9348021, 66.9741463 24.9260848, 66.9549202 24.9167441, 66.9411873 24.9248394, 66.930201 24.919235, 66.9096016 24.9011748, 66.9082283 24.8856036, 66.8917488 24.8787516, 66.8676826 24.8744182, 66.8560432 24.8725222, 66.8608388 24.8621025, 66.85837 24.8612967, 66.9171553 24.8366969, 66.9526886 24.8084971, 66.9837588 24.7859016, 67.0353423 24.7927587))",KHK
District Karachi West,"POLYGON ((67.067088 25.0126266, 67.0847673 25.0085886, 67.1194932 25.014343, 67.1363538 25.0134126, 67.1801948 24.9988934, 67.1884346 25.0225392, 67.1777916 25.0343604, 67.1747017 25.0399595, 67.174015 25.0505349, 67.1692922 25.0726871, 67.1789918 25.0855123, 67.1836294 25.1009035, 67.1856893 25.1117845, 67.1618286 25.1253106, 67.1521607 25.1146156, 67.1221029 25.1424512, 67.1286988 25.1632055, 67.1140081 25.1852028, 67.1034551 25.2131547, 67.0887783 25.2404847, 67.0760579 25.2311929, 67.043002 25.2133394, 67.0394762 25.2029383, 67.0325752 25.1973656, 67.0249555 25.189324, 67.0200269 25.17458, 67.0205941 25.154863, 67.0186409 25.1337621, 67.0267497 25.1254377, 67.0250808 25.1110544, 67.0092212 25.0959815, 66.9950768 25.0961429, 66.9775191 25.1001723, 66.94662 25.0951977, 66.9454299 25.0849381, 66.9287672 25.079651, 66.9122878 25.0647243, 66.9067946 25.0460634, 66.8971815 25.0392203, 66.889125 25.0264673, 66.8896779 25.0127786, 66.8649587 25.0351774, 66.8457326 25.0650362, 66.7908009 25.1135412, 66.7468556 25.1011059, 66.7097768 25.097375, 66.7070302 25.0550841, 66.7097768 25.0202453, 66.701537 24.9729483, 66.6781911 24.9318598, 66.691924 24.8969861, 66.6765426 24.8705684, 66.6411122 24.8409184, 66.6699513 24.8272091, 66.7290028 24.8371796, 66.7605885 24.8546262, 66.8086537 24.8459032, 66.8608388 24.8621025, 66.8560432 24.8725222, 66.8917488 24.8787516, 66.9082283 24.8856036, 66.9096016 24.9011748, 66.930201 24.919235, 66.9411873 24.9248394, 66.9547485 24.9168987, 66.9904542 24.9349567, 66.9985793 24.9309814, 67.005429 24.9389198, 66.9983358 24.9426094, 67.004399 24.9479475, 67.0082063 24.9537299, 66.9924135 24.9577764, 66.9913835 24.9624453, 67.0009658 24.9778275, 66.9913835 24.9783181, 67.0004816 24.9912327, 66.9930693 24.998677, 66.997735 25.0159689, 67.0528384 25.0279463, 67.067088 25.0126266))",KHW
District Karachi Malir,"POLYGON ((67.1019941 24.8015283, 67.1015857 24.7971116, 67.0996116 24.7968778, 67.1043323 24.7903326, 67.1067356 24.793839, 67.1084522 24.792826, 67.1079372 24.7903326, 67.1101688 24.7879949, 67.1144603 24.784878, 67.1155761 24.7835533, 67.1143745 24.7824623, 67.1175502 24.7791894, 67.1217559 24.7770853, 67.1278499 24.7771632, 67.1310257 24.7787997, 67.1364613 24.7803633, 67.1419262 24.7828519, 67.1453594 24.7886962, 67.1484493 24.7911118, 67.1535133 24.7925923, 67.158749 24.7919689, 67.1654438 24.7897092, 67.1728252 24.7886183, 67.1774601 24.7904884, 67.1819233 24.7900209, 67.1853565 24.7912676, 67.1788334 24.7950078, 67.1724819 24.7971895, 67.168362 24.7998386, 67.1664737 24.804046, 67.1692203 24.8051367, 67.1716236 24.8037343, 67.1767734 24.8038901, 67.1803783 24.8026435, 67.1863865 24.8056042, 67.1931096 24.804986, 67.2110939 24.8058237, 67.2323799 24.8045771, 67.2835468 24.8093439, 67.3134041 24.8070703, 67.3192408 24.8002919, 67.325077 24.7970973, 67.3311215 24.7889542, 67.3325307 24.7834602, 67.3338041 24.7818233, 67.3289696 24.7785497, 67.3263389 24.7788601, 67.3246826 24.7785457, 67.3244599 24.7762028, 67.3229846 24.7746342, 67.3238106 24.7718089, 67.320989 24.7694125, 67.3186825 24.7666653, 67.3202063 24.7648147, 67.3220733 24.7640551, 67.3278239 24.7639782, 67.3378653 24.7713038, 67.3415565 24.7871235, 67.3779488 24.7883703, 67.3951149 24.7946039, 67.4047279 24.7995906, 67.4129677 24.8413463, 67.4088478 24.8693832, 67.4153827 24.8971944, 67.4129677 24.927306, 67.3868798 24.9671502, 67.3813867 24.9939135, 67.3786401 25.0318702, 67.3683357 25.0604874, 67.3525479 25.0816316, 67.3415565 25.091195, 67.3037966 25.1183178, 67.2859383 25.1475372, 67.2316995 25.1344811, 67.2031607 25.1442634, 67.1839348 25.186523, 67.1454831 25.1914938, 67.1344969 25.2387059, 67.1359061 25.2660002, 67.1212492 25.2537476, 67.0887783 25.2404847, 67.1034551 25.2131547, 67.1140081 25.1852028, 67.1286988 25.1632055, 67.1221029 25.1424512, 67.1521607 25.1146156, 67.1618286 25.1253106, 67.1856893 25.1117845, 67.1789918 25.0855123, 67.1692922 25.0726871, 67.174015 25.0505349, 67.1747017 25.0399595, 67.1777916 25.0343604, 67.1829414 25.0293832, 67.1884346 25.0225392, 67.1801948 24.9988934, 67.1918678 25.0013826, 67.2007942 25.000138, 67.2145271 25.000138, 67.2227669 25.0013826, 67.2296333 25.0051164, 67.2453589 25.0003444, 67.2447395 24.9914253, 67.239933 24.9814672, 67.2248268 24.9764879, 67.2143205 24.9763717, 67.209514 24.9626774, 67.218647 24.9603036, 67.2275734 24.9547009, 67.2322411 24.9483547, 67.2189903 24.9285514, 67.209034 24.9129835, 67.2005876 24.8997888, 67.1977196 24.8877854, 67.1853565 24.8694753, 67.18124 24.8617907, 67.173062 24.8586626, 67.171517 24.8544571, 67.1691138 24.8524322, 67.1634489 24.8513419, 67.1584707 24.8527438, 67.1564108 24.8504073, 67.1564108 24.8477592, 67.1534926 24.8455784, 67.1488577 24.8438649, 67.1553157 24.8403479, 67.1600157 24.8381011, 67.1641357 24.8312102, 67.1773536 24.8280944, 67.183791 24.8247836, 67.1718605 24.8157859, 67.1593291 24.8153184, 67.1399312 24.7961521, 67.1366699 24.7977884, 67.1301466 24.7931132, 67.1019941 24.8015283))",KHM
District Karachi korangi,"POLYGON ((67.1605113 24.8153415, 67.1627858 24.8155752, 67.1718605 24.8157859, 67.183791 24.8247836, 67.1773536 24.8280944, 67.1641357 24.8312102, 67.1600157 24.8381011, 67.1538594 24.8412424, 67.1488577 24.8438649, 67.1534926 24.8455784, 67.1564108 24.8477592, 67.1564108 24.8504073, 67.1584707 24.8527438, 67.1634489 24.8513419, 67.1691138 24.8524322, 67.171517 24.8544571, 67.173062 24.8586626, 67.1716887 24.862245, 67.1680838 24.8631795, 67.1653372 24.8620892, 67.1634489 24.8589742, 67.1612173 24.8595972, 67.1612173 24.862868, 67.1526343 24.8605317, 67.1473128 24.8602202, 67.139588 24.8539899, 67.1352965 24.852588, 67.1270567 24.8535226, 67.1113914 24.8487027, 67.1086889 24.8502515, 67.1040541 24.84994, 67.0961577 24.8457342, 67.0899779 24.8415282, 67.0898062 24.8346738, 67.0913511 24.8329601, 67.0865916 24.8328061, 67.0886044 24.8231867, 67.0802166 24.8088362, 67.0785876 24.8014911, 67.0805889 24.7970003, 67.0879414 24.7951233, 67.0944645 24.7948117, 67.0996116 24.7968778, 67.1015857 24.7971116, 67.1019941 24.8015283, 67.1301466 24.7931132, 67.1366699 24.7977884, 67.1399312 24.7961521, 67.1593291 24.8153184, 67.1605113 24.8153415))",KHKG
District Karachi Central,"POLYGON ((67.0891443 24.9311695, 67.0897452 24.9340493, 67.0896593 24.9400421, 67.0868267 24.9457235, 67.0831793 24.9507584, 67.0814627 24.956906, 67.0850675 24.9656211, 67.091462 24.9942756, 67.0847673 25.0085886, 67.067088 25.0126266, 67.06361 25.0163587, 67.0528384 25.0279463, 66.997735 25.0159689, 66.9930693 24.998677, 67.0004816 24.9912327, 66.9913835 24.9783181, 67.0009658 24.9778275, 66.9913835 24.9624453, 66.9924135 24.9577764, 67.0082063 24.9537299, 67.004399 24.9479475, 66.9983358 24.9426094, 67.005429 24.9389198, 66.9995522 24.9329341, 67.003314 24.9106979, 67.013957 24.9088296, 67.0098371 24.9007333, 67.0202947 24.8958857, 67.0253479 24.8900469, 67.0253587 24.8877107, 67.0259595 24.8861925, 67.0575452 24.8985328, 67.059648 24.8972288, 67.0612788 24.8981435, 67.0665574 24.9090425, 67.0710343 24.9114764, 67.0753093 24.913573, 67.0779008 24.9149015, 67.0788135 24.9186005, 67.0803623 24.9189448, 67.0818485 24.9250207, 67.0844298 24.9274017, 67.0866614 24.9288806, 67.0891443 24.9311695))",KCH
